batter,game_year,player_name,xH,xTB,BBE,PA,BB,HBP,SF,SH,CI,SO,H,TB,AB,team,position,BA,SLG,OBP,OPS,xBA,xSLG,xOBP,xOPS,EVLA_xOPS+,BA_minus_xBA,SLG_minus_xSLG,OPS_minus_xOPS
642020,2025,chuckie robinson,0.72192,0.72413,2,2,0,0,0,1,0,0,0,0.0,1,LAD,C,0.0,0.0,0.0,0.0,0.72192,0.72413,0.72192,1.44606,309.58735,-0.72192,-0.72413,-1.44606
592450,2025,aaron judge,167.75885,393.7715,387,679,124,7,7,0,0,160,179,372.0,541,NYY,RF,0.33087,0.68762,0.45655,1.14417,0.31009,0.72786,0.44,1.16786,220.79569,0.02078,-0.04024,-0.02369
679631,2025,terrin vavra,0.46645,0.61688,1,1,0,0,0,0,0,0,0,0.0,1,BAL,2B,0.0,0.0,0.0,0.0,0.46645,0.61688,0.46645,1.08332,201.64789,-0.46645,-0.61688,-1.08332
660271,2025,shohei ohtani,176.70086,413.32632,419,717,107,3,2,0,2,186,169,373.0,603,LAD,TWP,0.28027,0.61857,0.39021,1.00878,0.29304,0.68545,0.40098,1.08643,197.84614,-0.01277,-0.06688,-0.07765
665742,2025,juan soto,170.36957,355.13538,446,716,127,3,6,1,1,137,152,303.0,578,NYM,RF,0.26298,0.52422,0.39496,0.91918,0.29476,0.61442,0.42069,1.03511,186.47578,-0.03178,-0.0902,-0.11593
695600,2025,carter jensen,19.76102,36.21347,48,69,9,0,0,0,0,12,18,33.0,60,KC,C,0.3,0.55,0.3913,0.9413,0.32935,0.60356,0.41683,1.02038,182.54958,-0.02935,-0.05356,-0.07908
670541,2025,yordan álvarez,51.27607,95.89654,138,199,28,0,6,0,0,33,45,71.0,165,HOU,LF,0.27273,0.4303,0.36683,0.79714,0.31076,0.58119,0.39837,0.97956,171.1218,-0.03804,-0.15089,-0.18243
656941,2025,kyle schwarber,160.06002,358.56779,408,726,108,11,1,0,0,197,145,340.0,606,PHI,LF,0.23927,0.56106,0.36364,0.92469,0.26413,0.5917,0.38438,0.97608,169.2782,-0.02485,-0.03064,-0.05138
608369,2025,corey seager,112.02289,215.53828,295,445,58,5,2,0,0,87,103,185.0,380,TEX,SS,0.27105,0.48684,0.37303,0.85988,0.2948,0.56721,0.39331,0.96052,166.03738,-0.02374,-0.08036,-0.10064
676551,2025,brewer hicklen,0.82365,1.44815,2,4,1,0,0,0,0,1,2,2.0,3,DET,CF,0.66667,0.66667,0.75,1.41667,0.27455,0.48272,0.45591,0.93863,164.9753,0.39212,0.18395,0.47804
805811,2025,bryce eldridge,6.65115,15.39726,16,37,7,1,1,0,0,13,3,5.0,28,SF,1B,0.10714,0.17857,0.2973,0.47587,0.23754,0.5499,0.39598,0.94588,162.58844,-0.1304,-0.37133,-0.47001
660670,2025,ronald acuña,91.70677,183.14213,236,412,71,3,0,0,0,102,98,175.0,338,ATL,RF,0.28994,0.51775,0.41748,0.93523,0.27132,0.54184,0.4022,0.94404,162.56684,0.01862,-0.02409,-0.00881
624413,2025,pete alonso,180.788,360.32755,470,709,61,15,9,0,0,162,170,327.0,624,NYM,1B,0.27244,0.52404,0.34697,0.87101,0.28972,0.57745,0.36218,0.93963,158.6758,-0.01729,-0.05341,-0.06863
543807,2025,george springer,143.23099,275.26865,392,586,69,8,4,0,7,111,154,279.0,498,TOR,RF,0.30924,0.56024,0.39896,0.9592,0.28761,0.55275,0.38036,0.93311,158.32695,0.02162,0.00749,0.02609
701398,2025,sal stewart,16.02795,33.89374,39,58,3,0,0,0,0,15,14,30.0,55,CIN,3B,0.25455,0.54545,0.2931,0.83856,0.29142,0.61625,0.32807,0.94432,157.45643,-0.03687,-0.0708,-0.10576
700250,2025,ben rice,138.31561,261.46036,369,531,50,9,2,0,2,100,119,233.0,468,NYY,1B,0.25427,0.49786,0.33648,0.83435,0.29555,0.55868,0.373,0.93167,157.45479,-0.04127,-0.06081,-0.09733
672012,2025,tyler black,2.05349,2.7221,7,13,5,0,0,0,0,1,2,3.0,8,MIL,3B,0.25,0.375,0.53846,0.91346,0.25669,0.34026,0.54258,0.88284,157.17285,-0.00669,0.03474,0.03062
663728,2025,cal raleigh,146.13257,332.93063,411,706,97,9,3,0,0,188,147,351.0,597,SEA,C,0.24623,0.58794,0.35836,0.9463,0.24478,0.55767,0.35713,0.9148,152.15562,0.00145,0.03027,0.0315
663330,2025,jahmai jones,35.22883,67.82284,97,150,18,3,0,0,0,32,37,71.0,129,DET,RF,0.28682,0.55039,0.38667,0.93705,0.27309,0.52576,0.37486,0.90062,149.87156,0.01373,0.02463,0.03644
571970,2025,max muncy,78.61337,156.16822,231,379,62,6,5,0,0,80,75,145.0,306,LAD,3B,0.2451,0.47386,0.37731,0.85116,0.25691,0.51035,0.38684,0.8972,149.85912,-0.01181,-0.0365,-0.04603
683737,2025,michael busch,143.09024,284.43597,383,586,55,10,2,0,0,136,137,274.0,519,CHC,1B,0.26397,0.52794,0.34471,0.87265,0.2757,0.54805,0.3551,0.90315,149.12014,-0.01173,-0.02011,-0.0305
701762,2025,nick kurtz,108.6742,228.21268,271,490,63,2,3,0,1,151,122,260.0,421,ATH,1B,0.28979,0.61758,0.38241,0.99999,0.25813,0.54207,0.35516,0.89723,147.65539,0.03165,0.0755,0.10276
606466,2025,ketel marte,134.55224,247.09869,398,556,64,9,3,0,0,83,136,248.0,480,AZ,2B,0.28333,0.51667,0.3759,0.89257,0.28032,0.51479,0.3733,0.88808,146.64955,0.00302,0.00188,0.00448
665489,2025,vladimir guerrero,175.96868,292.14139,496,680,81,6,4,0,0,94,172,275.0,589,TOR,1B,0.29202,0.46689,0.38088,0.84778,0.29876,0.496,0.38672,0.88271,146.25358,-0.00674,-0.0291,-0.03494
547180,2025,bryce harper,140.12174,251.28284,383,580,70,6,3,0,0,121,131,244.0,501,PHI,1B,0.26148,0.48703,0.3569,0.84392,0.27968,0.50156,0.37262,0.87419,143.15081,-0.01821,-0.01454,-0.03026
646240,2025,rafael devers,153.58839,299.23762,418,732,112,6,4,0,0,192,153,291.0,610,SF,DH,0.25082,0.47705,0.37022,0.84727,0.25178,0.49055,0.37102,0.86158,139.90695,-0.00096,-0.0135,-0.01431
672386,2025,alejandro kirk,135.96032,223.68016,397,506,48,1,6,0,0,59,127,190.0,451,TOR,C,0.2816,0.42129,0.34783,0.76911,0.30146,0.49596,0.36553,0.8615,139.50447,-0.01987,-0.07468,-0.09239
669065,2025,kyle stowers,103.88123,207.93839,278,457,48,5,4,1,0,125,115,217.0,399,MIA,LF,0.28822,0.54386,0.36842,0.91228,0.26035,0.52115,0.34404,0.86519,138.91854,0.02787,0.02271,0.04709
519317,2025,giancarlo stanton,62.20598,134.41704,154,281,29,1,1,0,1,96,68,148.0,249,NYY,DH,0.27309,0.59438,0.35,0.94438,0.24982,0.53983,0.32931,0.86913,138.86995,0.02327,0.05455,0.07524
701350,2025,roman anthony,68.03647,123.52722,173,303,40,5,1,0,0,84,75,119.0,257,BOS,RF,0.29183,0.46304,0.39604,0.85907,0.26473,0.48065,0.37306,0.85371,138.0951,0.0271,-0.01762,0.00537
665487,2025,fernando tatís,161.72076,284.38597,464,692,89,6,2,0,0,129,159,265.0,595,SD,RF,0.26723,0.44538,0.36705,0.81243,0.2718,0.47796,0.37098,0.84894,136.76676,-0.00457,-0.03258,-0.03651
671056,2025,iván herrera,107.43106,186.91398,305,452,43,15,4,0,2,84,110,180.0,388,STL,C,0.28351,0.46392,0.37333,0.83725,0.27688,0.48174,0.36762,0.84936,136.63597,0.00662,-0.01782,-0.01211
666176,2025,jo adell,139.56063,284.66314,375,573,33,10,1,0,3,151,124,255.0,526,LAA,CF,0.23574,0.48479,0.29298,0.77777,0.26532,0.54118,0.32028,0.86147,136.33494,-0.02958,-0.05639,-0.08369
621566,2025,matt olson,164.15751,307.53335,452,724,91,4,5,0,0,176,170,302.0,624,ATL,1B,0.27244,0.48397,0.36602,0.85,0.26307,0.49284,0.35795,0.85079,136.31606,0.00936,-0.00887,-0.0008
605137,2025,josh bell,129.9772,230.43228,379,536,57,5,3,0,0,88,111,195.0,471,WSH,1B,0.23567,0.41401,0.32276,0.73677,0.27596,0.48924,0.35817,0.84741,135.48971,-0.04029,-0.07523,-0.11063
664954,2025,brett sullivan,1.52204,2.67624,4,9,1,1,1,0,0,3,1,1.0,6,PIT,C,0.16667,0.16667,0.33333,0.5,0.25367,0.44604,0.39134,0.83738,135.31586,-0.08701,-0.27937,-0.33738
663656,2025,kyle tucker,131.38503,226.15995,408,588,86,4,3,1,2,88,132,230.0,492,CHC,RF,0.26829,0.46748,0.37949,0.84697,0.26704,0.45967,0.37844,0.83811,134.5969,0.00125,0.0078,0.00886
669257,2025,will smith,94.52874,169.44881,274,429,59,5,5,0,0,89,105,177.0,360,LAD,C,0.29167,0.49167,0.39394,0.88561,0.26258,0.47069,0.36953,0.84022,134.49916,0.02909,0.02098,0.04538
677951,2025,bobby witt,177.8917,314.8007,502,687,49,8,7,0,0,125,184,312.0,623,KC,SS,0.29535,0.5008,0.3508,0.8516,0.28554,0.5053,0.34191,0.84721,134.3044,0.0098,-0.0045,0.0044
682998,2025,corbin carroll,144.34018,288.21083,413,645,67,7,4,0,0,153,146,305.0,567,AZ,RF,0.2575,0.53792,0.34109,0.879,0.25457,0.50831,0.33851,0.84682,133.9709,0.00293,0.02961,0.03218
641933,2025,tyler o'neill,44.2716,93.45884,133,209,22,3,3,0,0,51,36,71.0,181,BAL,RF,0.1989,0.39227,0.29187,0.68413,0.24459,0.51635,0.33144,0.84779,133.71797,-0.0457,-0.12408,-0.16366
640459,2025,brian navarreto,4.4349,7.83888,12,15,0,0,1,0,0,3,4,9.0,14,MIA,C,0.28571,0.64286,0.26667,0.90952,0.31678,0.55992,0.29566,0.85558,133.15285,-0.03106,0.08294,0.05394
691406,2025,junior caminero,167.82576,313.45004,483,653,41,3,7,0,0,125,159,322.0,602,TB,3B,0.26412,0.53488,0.31087,0.84576,0.27878,0.52068,0.32439,0.84507,132.54944,-0.01466,0.0142,0.00069
663757,2025,trent grisham,122.59595,235.55039,358,582,82,4,1,0,0,137,116,229.0,495,NYY,CF,0.23434,0.46263,0.34708,0.80971,0.24767,0.47586,0.35841,0.83427,132.24453,-0.01333,-0.01323,-0.02457
695578,2025,james wood,154.33894,291.34988,377,691,85,3,3,0,0,221,153,284.0,600,WSH,LF,0.255,0.47333,0.34877,0.8221,0.25723,0.48558,0.35071,0.83629,132.20773,-0.00223,-0.01225,-0.01419
621439,2025,byron buxton,124.78197,256.37519,345,542,41,7,6,0,0,148,129,269.0,488,MIN,CF,0.26434,0.55123,0.32657,0.8778,0.2557,0.52536,0.31879,0.84414,131.92833,0.00864,0.02587,0.03365
666018,2025,jonathan aranda,98.73266,179.33076,263,422,41,8,3,0,0,107,117,181.0,370,TB,1B,0.31622,0.48919,0.39336,0.88255,0.26685,0.48468,0.35008,0.83476,131.78231,0.04937,0.00451,0.0478
695657,2025,colson montgomery,63.68869,133.13939,173,284,25,2,1,0,1,83,61,135.0,255,CWS,SS,0.23922,0.52941,0.31095,0.84037,0.24976,0.52212,0.32045,0.84257,131.65377,-0.01054,0.0073,-0.0022
521692,2025,salvador pérez,164.31215,311.78391,473,641,28,12,1,0,3,125,141,266.0,597,KC,C,0.23618,0.44556,0.2837,0.72926,0.27523,0.52225,0.32024,0.84249,131.61869,-0.03905,-0.07669,-0.11323
673548,2025,seiya suzuki,146.85646,280.03976,411,642,70,1,8,0,0,160,140,273.0,563,CHC,RF,0.24867,0.4849,0.32866,0.81356,0.26085,0.49741,0.33934,0.83675,131.52681,-0.01218,-0.0125,-0.02318
650402,2025,gleyber torres,145.68172,241.95496,437,629,85,4,7,0,0,101,136,206.0,533,DET,2B,0.25516,0.38649,0.35771,0.7442,0.27332,0.45395,0.3731,0.82705,131.47776,-0.01816,-0.06746,-0.08285
686527,2025,dominic canzone,68.06838,121.45957,186,269,20,3,2,0,0,59,73,117.0,244,SEA,RF,0.29918,0.47951,0.35688,0.83639,0.27897,0.49779,0.33854,0.83633,131.36754,0.02021,-0.01828,6e-05
650490,2025,yandy díaz,172.57293,271.62609,492,651,57,6,5,0,0,92,175,281.0,583,TB,1B,0.30017,0.48199,0.36559,0.84758,0.29601,0.46591,0.36186,0.82777,130.87185,0.00416,0.01608,0.01981
656484,2025,tristan gray,21.96468,39.59257,61,86,6,0,1,1,0,19,18,32.0,78,TB,3B,0.23077,0.41026,0.28235,0.69261,0.2816,0.5076,0.329,0.83659,130.76607,-0.05083,-0.09734,-0.14398
575929,2025,willson contreras,127.5605,236.4254,351,563,44,23,4,1,1,142,126,219.0,490,STL,1B,0.25714,0.44694,0.34403,0.79097,0.26033,0.4825,0.34681,0.82931,130.20191,-0.00318,-0.03556,-0.03834
592518,2025,manny machado,171.28514,302.75901,489,679,55,3,5,0,0,131,169,283.0,616,SD,3B,0.27435,0.45942,0.33432,0.79373,0.27806,0.49149,0.33768,0.82917,129.52972,-0.00371,-0.03208,-0.03544
680837,2025,ryan fitzgerald,11.5565,21.6681,37,53,7,0,0,0,0,8,9,21.0,46,MIN,3B,0.19565,0.45652,0.30189,0.75841,0.25123,0.47105,0.35012,0.82117,128.41097,-0.05558,-0.01452,-0.06276
545361,2025,mike trout,106.36524,209.73215,283,558,87,6,6,0,1,178,106,200.0,458,LAA,RF,0.23144,0.43668,0.35727,0.79395,0.23224,0.45793,0.35793,0.81586,127.6371,-0.0008,-0.02125,-0.0219
667670,2025,brent rooker,166.19633,301.45119,473,699,65,5,2,0,1,155,164,300.0,626,ATH,RF,0.26198,0.47923,0.33524,0.81448,0.26549,0.48155,0.33839,0.81994,127.28663,-0.00351,-0.00232,-0.00546
686948,2025,drake baldwin,113.7738,190.04221,337,446,38,3,0,0,0,68,111,190.0,405,ATL,C,0.27407,0.46914,0.34081,0.80994,0.28092,0.46924,0.34703,0.81627,126.97721,-0.00685,-0.0001,-0.00632
683748,2025,victor mesa,8.29119,14.47308,28,38,5,0,0,1,0,5,6,11.0,32,MIA,CF,0.1875,0.34375,0.2973,0.64105,0.2591,0.45228,0.35922,0.81151,126.64659,-0.0716,-0.10853,-0.17046
542303,2025,marcell ozuna,118.64313,216.69987,348,592,94,3,7,0,1,144,113,195.0,487,ATL,DH,0.23203,0.40041,0.35533,0.75574,0.24362,0.44497,0.36488,0.80985,126.63008,-0.01159,-0.04456,-0.05411
518692,2025,freddie freeman,149.83755,262.15396,432,628,60,6,5,0,0,128,164,279.0,557,LAD,1B,0.29443,0.5009,0.36624,0.86714,0.26901,0.47065,0.34369,0.81434,126.26661,0.02543,0.03024,0.0528
666181,2025,will benson,61.28394,117.76536,169,253,16,1,6,0,0,67,52,100.0,230,CIN,LF,0.22609,0.43478,0.27273,0.70751,0.26645,0.51202,0.30942,0.82145,125.63655,-0.04036,-0.07724,-0.11394
683734,2025,andrew vaughn,114.70422,195.13703,333,447,31,3,6,1,0,80,103,167.0,406,MIL,1B,0.25369,0.41133,0.30717,0.7185,0.28252,0.48063,0.33342,0.81405,125.47612,-0.02883,-0.0693,-0.09555
657656,2025,ramón laureano,115.8618,215.72373,324,489,35,8,4,0,0,119,124,226.0,442,SD,RF,0.28054,0.51131,0.34151,0.85283,0.26213,0.48806,0.32487,0.81293,124.60156,0.01841,0.02325,0.03989
666182,2025,bo bichette,172.4574,272.10909,492,630,40,3,3,0,0,91,181,281.0,584,TOR,SS,0.30993,0.48116,0.35556,0.83672,0.2953,0.46594,0.342,0.80794,124.55678,0.01463,0.01522,0.02878
687263,2025,zach neto,127.15841,245.99954,358,555,33,14,3,2,0,149,129,238.0,503,LAA,SS,0.25646,0.47316,0.31826,0.79143,0.2528,0.48906,0.31493,0.804,121.6882,0.00366,-0.0159,-0.01257
680977,2025,brendan donovan,132.14508,202.80213,399,517,42,7,4,2,0,67,132,194.0,462,STL,2B,0.28571,0.41991,0.35146,0.77137,0.28603,0.43897,0.35174,0.7907,120.95742,-0.00031,-0.01905,-0.01933
663853,2025,romy gonzalez,87.01514,152.15994,238,341,18,3,5,0,0,81,96,152.0,315,BOS,1B,0.30476,0.48254,0.34311,0.82565,0.27624,0.48305,0.31676,0.79981,120.77484,0.02852,-0.00051,0.02584
701538,2025,jackson merrill,118.84114,209.68276,338,485,33,4,5,1,0,108,116,201.0,442,SD,CF,0.26244,0.45475,0.31612,0.77087,0.26887,0.4744,0.32199,0.79638,120.28899,-0.00643,-0.01964,-0.02551
682985,2025,riley greene,148.7197,298.78421,404,656,46,4,5,0,0,201,155,296.0,601,DET,LF,0.2579,0.49251,0.3125,0.80501,0.24745,0.49715,0.30293,0.80007,119.87399,0.01045,-0.00463,0.00494
687637,2025,dylan beavers,24.71873,45.54679,75,138,26,0,0,1,0,36,25,44.0,111,BAL,RF,0.22523,0.3964,0.37226,0.76866,0.22269,0.41033,0.37021,0.78054,119.72387,0.00253,-0.01394,-0.01188
665862,2025,jazz chisholm,107.48711,217.0218,319,531,58,6,4,1,0,148,112,222.0,462,NYY,2B,0.24242,0.48052,0.33208,0.81259,0.23266,0.46974,0.32356,0.7933,119.63491,0.00977,0.01078,0.01929
641343,2025,jake bauers,42.30015,80.33142,124,219,32,2,1,0,0,59,43,73.0,184,MIL,1B,0.2337,0.39674,0.3516,0.74834,0.22989,0.43658,0.3484,0.78499,119.30439,0.0038,-0.03984,-0.03665
681481,2025,kerry carpenter,112.89918,215.79638,326,464,18,7,2,0,4,106,109,215.0,433,DET,RF,0.25173,0.49654,0.2913,0.78784,0.26074,0.49838,0.29978,0.79816,119.17845,-0.00901,-0.00184,-0.01032
608701,2025,rob refsnyder,46.21976,82.77691,130,211,24,1,2,0,0,54,49,88.0,184,BOS,RF,0.2663,0.47826,0.35071,0.82897,0.25119,0.44987,0.33753,0.78741,119.14683,0.01511,0.02839,0.04156
596019,2025,francisco lindor,168.17729,286.60947,517,732,65,16,7,0,0,131,172,300.0,644,NYM,SS,0.26708,0.46584,0.34563,0.81147,0.26114,0.44505,0.34041,0.78545,118.86139,0.00594,0.02079,0.02602
694671,2025,wyatt langford,116.88098,217.42205,343,574,74,5,5,0,0,151,118,211.0,490,TEX,LF,0.24082,0.43061,0.34321,0.77382,0.23853,0.44372,0.34126,0.78497,118.8022,0.00228,-0.01311,-0.01116
682626,2025,francisco álvarez,62.2195,110.61001,173,277,27,4,0,0,0,73,63,110.0,246,NYM,C,0.2561,0.44715,0.33935,0.7865,0.25292,0.44963,0.33653,0.78617,118.76829,0.00317,-0.00248,0.00034
608324,2025,alex bregman,115.38836,185.0619,365,496,51,9,2,0,0,70,118,200.0,434,BOS,3B,0.27189,0.46083,0.35887,0.8197,0.26587,0.42641,0.35361,0.78002,118.43331,0.00602,0.03442,0.03968
686469,2025,vinnie pasquantino,168.99141,285.11702,517,684,49,7,5,0,0,107,164,295.0,623,KC,1B,0.26324,0.47352,0.32164,0.79515,0.27125,0.45765,0.32893,0.78659,118.34178,-0.00801,0.01586,0.00857
691185,2025,maximo acosta,13.12561,24.62402,37,61,6,1,0,0,0,17,11,21.0,54,MIA,SS,0.2037,0.38889,0.29508,0.68397,0.24307,0.456,0.32993,0.78593,118.2477,-0.03936,-0.06711,-0.10196
593871,2025,jorge polanco,127.80961,213.10398,397,524,42,3,5,3,0,82,125,233.0,471,SEA,2B,0.26539,0.49469,0.3263,0.82099,0.27136,0.45245,0.33169,0.78414,117.92611,-0.00597,0.04224,0.03685
691016,2025,tyler soderstrom,148.47096,250.21017,420,624,55,6,2,0,0,141,155,266.0,561,ATH,LF,0.27629,0.47415,0.34615,0.82031,0.26465,0.44601,0.33569,0.7817,117.59963,0.01164,0.02815,0.03861
664023,2025,ian happ,139.64304,242.7582,418,654,85,2,5,0,0,148,136,237.0,562,CHC,LF,0.24199,0.42171,0.34098,0.76269,0.24848,0.43195,0.34655,0.7785,117.56469,-0.00648,-0.01025,-0.01582
676475,2025,alec burleson,135.74144,226.81984,420,546,39,3,4,1,2,79,144,228.0,497,STL,1B,0.28974,0.45875,0.34254,0.80129,0.27312,0.45638,0.32733,0.78371,117.51546,0.01662,0.00237,0.01758
677800,2025,wilyer abreu,91.20416,175.81275,276,417,40,0,3,1,0,101,92,175.0,373,BOS,RF,0.24665,0.46917,0.31731,0.78648,0.24452,0.47135,0.31539,0.78674,117.43457,0.00213,-0.00218,-0.00027
672695,2025,geraldo perdomo,159.30151,239.76227,530,723,94,10,11,8,0,83,173,276.0,600,AZ,SS,0.28833,0.46,0.38741,0.84741,0.2655,0.3996,0.36825,0.76786,116.43707,0.02283,0.0604,0.07955
677594,2025,julio rodríguez,171.62866,300.28555,500,710,44,12,2,0,0,152,174,309.0,652,SEA,CF,0.26687,0.47393,0.32394,0.79787,0.26323,0.46056,0.3206,0.78116,116.41309,0.00364,0.01337,0.01671
669221,2025,sean murphy,68.45579,130.17331,187,337,35,8,3,0,0,105,58,119.0,291,ATL,C,0.19931,0.40893,0.2997,0.70864,0.23524,0.44733,0.33073,0.77806,116.34953,-0.03593,-0.0384,-0.06942
679529,2025,spencer torkelson,131.06629,254.33231,399,649,72,9,5,0,0,169,135,257.0,563,DET,1B,0.23979,0.45648,0.33282,0.7893,0.2328,0.45174,0.32676,0.7785,116.18214,0.00699,0.00474,0.0108
605170,2025,víctor caratini,93.2344,151.56976,284,386,23,13,6,0,0,65,89,139.0,344,HOU,C,0.25872,0.40407,0.32383,0.7279,0.27103,0.44061,0.3348,0.77541,115.97692,-0.01231,-0.03654,-0.04751
662139,2025,daulton varsho,60.41665,123.49105,176,271,17,1,5,0,0,77,59,136.0,248,TOR,CF,0.2379,0.54839,0.28413,0.83252,0.24362,0.49795,0.28936,0.78731,115.75625,-0.00571,0.05044,0.04521
665833,2025,oneil cruz,111.16445,210.51565,300,545,64,4,5,0,0,174,94,178.0,472,PIT,CF,0.19915,0.37712,0.29725,0.67437,0.23552,0.44601,0.32874,0.77475,115.38849,-0.03637,-0.06889,-0.10038
700932,2025,kyle manzardo,112.3491,217.3326,340,532,48,8,5,0,0,135,110,214.0,471,CLE,1B,0.23355,0.45435,0.31203,0.76638,0.23853,0.46143,0.31645,0.77787,115.30529,-0.00499,-0.00708,-0.01149
670242,2025,matt wallner,73.55463,151.88733,223,393,46,8,2,0,0,114,68,156.0,337,MIN,RF,0.20178,0.46291,0.31043,0.77334,0.21826,0.4507,0.32457,0.77527,115.22614,-0.01648,0.0122,-0.00193
694208,2025,moisés ballesteros,15.12921,22.6932,45,66,9,0,0,0,0,12,17,27.0,57,CHC,C,0.29825,0.47368,0.39394,0.86762,0.26542,0.39813,0.36559,0.76372,115.22373,0.03282,0.07556,0.1039
620443,2025,luis torrens,72.65298,114.99056,206,283,19,2,0,1,0,56,59,90.0,261,NYM,C,0.22605,0.34483,0.28369,0.62852,0.27836,0.44058,0.3321,0.77268,115.10909,-0.05231,-0.09575,-0.14416
668939,2025,adley rutschman,85.40475,137.5879,267,367,40,1,2,0,0,57,71,118.0,324,BAL,C,0.21914,0.3642,0.30518,0.66937,0.26359,0.42465,0.34443,0.76908,115.07635,-0.04446,-0.06046,-0.09971
664034,2025,ty france,123.87581,192.22937,363,492,22,21,3,0,0,83,114,160.0,446,TOR,1B,0.25561,0.35874,0.31911,0.67785,0.27775,0.43101,0.33918,0.77019,114.98409,-0.02214,-0.07226,-0.09234
660162,2025,yoán moncada,59.23767,106.59783,175,289,32,7,2,0,0,75,58,111.0,248,LAA,3B,0.23387,0.44758,0.33564,0.78322,0.23886,0.42983,0.33992,0.76975,114.92846,-0.00499,0.01775,0.01347
665019,2025,kody clemens,86.93549,160.6609,258,387,29,5,2,2,0,93,74,151.0,349,MIN,2B,0.21203,0.43266,0.28052,0.71318,0.2491,0.46035,0.31412,0.77446,114.29598,-0.03706,-0.02768,-0.06128
642133,2025,rowdy tellez,73.10434,139.55246,209,313,17,3,3,0,0,83,66,128.0,290,TEX,1B,0.22759,0.44138,0.27476,0.71614,0.25208,0.48122,0.29746,0.77867,114.17737,-0.0245,-0.03984,-0.06253
668804,2025,bryan reynolds,151.69949,257.81896,416,654,57,7,3,0,0,173,144,236.0,587,PIT,RF,0.24532,0.40204,0.31804,0.72009,0.25843,0.43921,0.32982,0.76903,114.04295,-0.01312,-0.03717,-0.04894
596146,2025,max kepler,104.80055,183.03632,327,475,48,4,4,1,0,93,90,163.0,418,PHI,LF,0.21531,0.38995,0.29958,0.68953,0.25072,0.43789,0.3308,0.76869,114.02709,-0.03541,-0.04793,-0.07916
592885,2025,christian yelich,143.6333,251.15426,406,647,64,6,1,0,0,167,151,259.0,576,MIL,LF,0.26215,0.44965,0.34158,0.79123,0.24936,0.43603,0.33019,0.76622,113.37171,0.01279,0.01362,0.02501
660821,2025,jesús sánchez,115.44285,202.67358,343,498,42,2,2,0,0,110,107,178.0,452,HOU,RF,0.23673,0.39381,0.30321,0.69702,0.2554,0.44839,0.32017,0.76856,113.25183,-0.01868,-0.05459,-0.07154
668885,2025,austin martin,42.6055,60.6573,127,181,22,1,0,2,0,31,44,57.0,156,MIN,CF,0.28205,0.36538,0.3743,0.73969,0.27311,0.38883,0.36651,0.75534,113.20637,0.00894,-0.02344,-0.01565
690993,2025,colt keith,105.09256,179.55948,316,468,48,2,4,0,0,102,106,171.0,414,DET,2B,0.25604,0.41304,0.33333,0.74638,0.25385,0.43372,0.33139,0.76511,113.18029,0.00219,-0.02068,-0.01874
621493,2025,taylor ward,137.63661,256.45145,410,664,75,3,6,0,0,175,132,275.0,580,LAA,LF,0.22759,0.47414,0.31627,0.7904,0.2373,0.44216,0.32475,0.76691,113.16311,-0.00972,0.03198,0.02349
672515,2025,gabriel moreno,74.00038,118.27553,225,309,29,1,2,0,0,53,79,120.0,277,AZ,C,0.2852,0.43321,0.35275,0.78596,0.26715,0.42699,0.33657,0.76356,113.15581,0.01805,0.00623,0.02241
661388,2025,william contreras,147.67913,228.25218,451,660,84,3,6,0,0,120,147,226.0,567,MIL,C,0.25926,0.39859,0.35455,0.75313,0.26046,0.40256,0.35557,0.75814,113.13663,-0.0012,-0.00397,-0.005
669127,2025,shea langeliers,123.86659,222.30703,382,522,36,1,5,0,0,102,133,258.0,480,ATH,C,0.27708,0.5375,0.32567,0.86317,0.25806,0.46314,0.30817,0.77131,113.09797,0.01903,0.07436,0.09186
608070,2025,josé ramírez,157.74651,246.06869,524,673,66,8,5,0,0,74,168,298.0,594,CLE,3B,0.28283,0.50168,0.35958,0.86127,0.26557,0.41426,0.34435,0.75861,112.46906,0.01726,0.08743,0.10266
695670,2025,harry ford,1.39957,2.8251,4,8,0,1,1,0,0,3,1,1.0,6,SEA,C,0.16667,0.16667,0.25,0.41667,0.23326,0.47085,0.29995,0.7708,112.39489,-0.06659,-0.30418,-0.35413
621020,2025,dansby swanson,149.08596,267.62891,423,638,46,2,5,1,0,166,142,243.0,584,CHC,SS,0.24315,0.4161,0.29827,0.71437,0.25528,0.45827,0.3094,0.76767,112.27757,-0.01213,-0.04217,-0.0533
592696,2025,eddie rosario,2.13585,4.09195,6,8,0,0,0,0,0,2,1,1.0,8,ATL,OF,0.125,0.125,0.125,0.25,0.26698,0.51149,0.26698,0.77847,111.99879,-0.14198,-0.38649,-0.52847
647304,2025,josh naylor,148.49963,231.79687,464,605,48,4,5,0,4,83,160,251.0,544,SEA,1B,0.29412,0.4614,0.35275,0.81414,0.27298,0.4261,0.33361,0.75971,111.99248,0.02114,0.0353,0.05444
668930,2025,brice turang,152.49095,246.31493,440,659,66,2,5,2,0,150,168,254.0,584,MIL,2B,0.28767,0.43493,0.35921,0.79414,0.26111,0.42177,0.3356,0.75737,111.5524,0.02656,0.01316,0.03677
680718,2025,addison barger,117.99519,207.91264,341,503,36,3,2,0,1,121,112,209.0,461,TOR,3B,0.24295,0.45336,0.3008,0.75416,0.25595,0.451,0.31274,0.76374,111.53677,-0.013,0.00236,-0.00958
663609,2025,luken baker,7.50692,13.52494,24,41,7,0,0,0,0,10,8,11.0,34,STL,1B,0.23529,0.32353,0.36585,0.68938,0.22079,0.39779,0.35383,0.75162,111.3962,0.0145,-0.07426,-0.06224
676914,2025,davis schneider,39.23375,77.78454,129,227,36,2,1,0,0,60,44,82.0,188,TOR,LF,0.23404,0.43617,0.36123,0.7974,0.20869,0.41375,0.34024,0.75398,111.03408,0.02535,0.02242,0.04342
663586,2025,austin riley,101.93891,196.05883,289,447,27,3,1,0,0,128,108,178.0,416,ATL,3B,0.25962,0.42788,0.30872,0.73661,0.24505,0.4713,0.29517,0.76646,110.98398,0.01457,-0.04341,-0.02985
683146,2025,brett baty,100.23874,175.81069,287,432,33,2,3,0,1,108,100,171.0,393,NYM,3B,0.25445,0.43511,0.31323,0.74834,0.25506,0.44736,0.31378,0.76113,110.96152,-0.00061,-0.01224,-0.01279
672580,2025,maikel garcía,165.01532,245.5078,518,669,62,1,5,3,0,84,170,267.0,598,KC,3B,0.28428,0.44649,0.34985,0.79634,0.27595,0.41055,0.34237,0.75291,110.91682,0.00834,0.03594,0.04342
691019,2025,kyle teel,60.35055,102.73773,178,297,37,5,1,1,0,77,69,104.0,253,CWS,C,0.27273,0.41107,0.375,0.78607,0.23854,0.40608,0.34578,0.75186,110.89286,0.03419,0.00499,0.03421
656305,2025,matt chapman,108.89203,184.12092,332,536,71,6,4,0,0,126,105,195.0,455,SF,3B,0.23077,0.42857,0.33955,0.76812,0.23932,0.40466,0.34681,0.75147,110.87026,-0.00855,0.02391,0.01665
641857,2025,ryan mcmahon,119.07988,218.83677,322,588,70,4,3,0,0,189,109,194.0,511,NYY,3B,0.21331,0.37965,0.31122,0.69087,0.23303,0.42825,0.32837,0.75662,110.85923,-0.01973,-0.0486,-0.06575
545341,2025,randal grichuk,72.14802,123.64901,214,293,17,1,3,0,0,61,62,109.0,272,KC,RF,0.22794,0.40074,0.27304,0.67377,0.26525,0.45459,0.30767,0.76226,110.81554,-0.03731,-0.05386,-0.08849
605141,2025,mookie betts,160.18948,245.25895,531,664,61,3,10,0,0,68,152,239.0,590,LAD,SS,0.25763,0.40508,0.3253,0.73039,0.27151,0.41569,0.33763,0.75333,110.68925,-0.01388,-0.01061,-0.02294
671277,2025,luis garcía,133.9105,221.92914,412,528,27,2,9,0,0,84,123,201.0,490,WSH,2B,0.25102,0.4102,0.28788,0.69808,0.27329,0.45292,0.30854,0.76146,110.67636,-0.02227,-0.04271,-0.06338
805300,2025,jakob marsee,55.20402,86.41035,161,234,22,2,1,0,0,48,61,100.0,209,MIA,CF,0.29187,0.47847,0.36325,0.84172,0.26413,0.41345,0.33848,0.75193,110.39987,0.02773,0.06502,0.08979
553993,2025,eugenio suárez,133.69719,275.54032,399,660,46,16,7,0,0,196,134,309.0,591,SEA,3B,0.22673,0.52284,0.29697,0.81981,0.22622,0.46623,0.29651,0.76274,110.15345,0.00051,0.05662,0.05707
656811,2025,ryan o'hearn,121.97921,192.67025,367,547,58,8,4,0,0,109,133,207.0,477,SD,1B,0.27883,0.43396,0.3638,0.79776,0.25572,0.40392,0.34365,0.74758,109.68118,0.0231,0.03004,0.05019
692216,2025,cj kayfus,30.58471,53.52678,87,138,11,2,1,1,0,38,27,51.0,123,CLE,1B,0.21951,0.41463,0.29197,0.7066,0.24866,0.43518,0.31814,0.75331,109.32352,-0.02914,-0.02054,-0.04671
596103,2025,austin slater,36.67289,67.82579,95,160,11,0,0,1,0,51,32,55.0,148,NYY,LF,0.21622,0.37162,0.27044,0.64206,0.24779,0.45828,0.29983,0.75811,109.23628,-0.03157,-0.08666,-0.11605
691718,2025,pete crow-armstrong,144.71014,277.13177,447,641,29,9,12,6,0,152,146,284.0,585,CHC,CF,0.24957,0.48547,0.28976,0.77523,0.24737,0.47373,0.28773,0.76146,109.22322,0.0022,0.01174,0.01377
671213,2025,triston casas,24.07883,41.39291,72,112,11,2,0,0,0,27,18,30.0,99,BOS,1B,0.18182,0.30303,0.27679,0.57982,0.24322,0.41811,0.33106,0.74917,109.19761,-0.0614,-0.11508,-0.16936
666397,2025,edouard julien,45.41035,75.85329,123,209,22,2,1,1,0,61,40,59.0,183,MIN,2B,0.21858,0.3224,0.30769,0.6301,0.24814,0.4145,0.3337,0.7482,109.14163,-0.02956,-0.09209,-0.11811
663698,2025,joey bart,69.26653,113.59051,192,334,40,7,0,0,0,93,71,97.0,287,PIT,C,0.24739,0.33798,0.35329,0.69127,0.24135,0.39579,0.3481,0.74389,109.07634,0.00604,-0.05781,-0.05262
683002,2025,gunnar henderson,150.89548,235.93825,441,651,62,7,5,0,0,137,158,253.0,577,BAL,SS,0.27383,0.43847,0.34869,0.78717,0.26152,0.40891,0.33778,0.74669,109.0499,0.01231,0.02957,0.04048
673237,2025,yainer diaz,148.3964,249.86966,448,570,20,2,3,0,0,95,139,226.0,545,HOU,C,0.25505,0.41468,0.28246,0.69714,0.27229,0.45848,0.29894,0.75742,109.00175,-0.01724,-0.0438,-0.06028
682663,2025,agustín ramírez,138.31591,237.29993,426,586,36,8,4,0,0,113,124,222.0,538,MIA,C,0.23048,0.41264,0.28669,0.69933,0.25709,0.44108,0.31112,0.7522,108.55601,-0.02661,-0.02844,-0.05287
657757,2025,gavin sheets,125.8868,211.52018,387,546,44,5,4,0,0,107,124,211.0,493,SD,LF,0.25152,0.42799,0.31685,0.74484,0.25535,0.42905,0.32031,0.74935,108.49125,-0.00383,-0.00106,-0.00451
694384,2025,nolan schanuel,130.14782,189.12331,424,566,59,10,4,3,0,71,129,190.0,490,LAA,1B,0.26327,0.38776,0.35169,0.73944,0.26561,0.38597,0.35373,0.73969,108.42675,-0.00234,0.00179,-0.00025
666160,2025,mickey moniak,110.30858,202.1457,326,461,22,2,3,0,0,110,117,225.0,434,COL,RF,0.26959,0.51843,0.30586,0.82429,0.25417,0.46577,0.29134,0.75712,108.3958,0.01542,0.05266,0.06717
693307,2025,dillon dingler,114.84159,190.30667,326,470,23,9,1,0,1,110,121,185.0,436,DET,C,0.27752,0.42431,0.32623,0.75054,0.2634,0.43648,0.3131,0.74958,108.04358,0.01412,-0.01217,0.00096
573262,2025,mike yastrzemski,115.4788,191.22867,374,558,72,2,5,2,0,108,111,192.0,477,KC,RF,0.2327,0.40252,0.33273,0.73525,0.24209,0.4009,0.34079,0.74169,108.01864,-0.00939,0.00162,-0.00644
678011,2025,anthony seigler,16.85567,23.30149,48,73,8,1,1,1,0,16,12,13.0,62,MIL,2B,0.19355,0.20968,0.29167,0.50134,0.27187,0.37583,0.35911,0.73494,107.62165,-0.07832,-0.16615,-0.23359
664040,2025,brandon lowe,125.27801,232.07454,362,556,38,2,6,0,0,149,130,242.0,510,TB,2B,0.2549,0.47451,0.30576,0.78027,0.24564,0.45505,0.29726,0.75231,107.61614,0.00926,0.01946,0.02795
642715,2025,willy adames,133.4315,253.10373,419,687,80,5,9,0,1,179,133,249.0,592,SF,SS,0.22466,0.42061,0.31778,0.73839,0.22539,0.42754,0.31841,0.74595,107.51481,-0.00073,-0.00693,-0.00756
672640,2025,otto lopez,146.03132,227.8718,463,594,44,3,3,0,0,82,134,200.0,544,MIA,2B,0.24632,0.36765,0.30471,0.67236,0.26844,0.41888,0.32497,0.74385,107.45051,-0.02212,-0.05123,-0.07149
643217,2025,andrew benintendi,103.58492,183.89991,342,472,40,3,6,0,1,82,101,181.0,422,CWS,LF,0.23934,0.42891,0.30573,0.73464,0.24546,0.43578,0.31122,0.747,107.27287,-0.00613,-0.00687,-0.01236
694728,2025,brice matthews,8.80762,20.90229,23,47,2,1,0,2,0,20,7,19.0,42,HOU,SS,0.16667,0.45238,0.22222,0.6746,0.20971,0.49767,0.26239,0.76007,107.10588,-0.04304,-0.04529,-0.08546
663837,2025,matt vierling,21.70759,38.30796,66,101,7,3,2,0,0,24,21,27.0,89,DET,CF,0.23596,0.30337,0.30693,0.6103,0.24391,0.43043,0.31394,0.74436,106.80709,-0.00795,-0.12706,-0.13406
685744,2025,kenedy corona,0.23317,0.23395,1,4,2,0,0,0,0,1,0,0.0,2,HOU,CF,0.0,0.0,0.5,0.5,0.11658,0.11697,0.55829,0.67527,106.7169,-0.11658,-0.11697,-0.17527
607043,2025,brandon nimmo,150.85783,248.15911,454,652,50,7,7,1,0,141,154,256.0,587,NYM,LF,0.26235,0.43612,0.32412,0.76023,0.257,0.42276,0.31929,0.74205,106.60619,0.00535,0.01336,0.01818
624424,2025,michael conforto,96.1374,166.99017,294,480,55,9,3,0,0,119,81,136.0,413,LAD,LF,0.19613,0.3293,0.30208,0.63138,0.23278,0.40433,0.33362,0.73795,106.59042,-0.03665,-0.07504,-0.10657
665839,2025,enmanuel valdez,23.05899,36.75036,75,102,11,0,0,0,0,16,19,33.0,91,PIT,1B,0.20879,0.36264,0.29412,0.65676,0.2534,0.40385,0.33391,0.73776,106.56306,-0.0446,-0.04121,-0.08101
641355,2025,cody bellinger,151.78515,248.19223,505,658,57,2,9,0,0,90,160,282.0,590,NYY,LF,0.27119,0.47797,0.33283,0.81079,0.25726,0.42066,0.32034,0.74101,106.42105,0.01392,0.0573,0.06979
608348,2025,carson kelly,90.71208,150.03942,290,418,44,3,4,0,0,80,91,157.0,367,CHC,C,0.24796,0.42779,0.33014,0.75794,0.24717,0.40883,0.32945,0.73828,106.38076,0.00078,0.01897,0.01965
695506,2025,jac caglianone,51.24871,89.54018,158,232,18,4,0,0,0,52,33,62.0,210,KC,RF,0.15714,0.29524,0.23707,0.53231,0.24404,0.42638,0.31573,0.74211,106.37235,-0.0869,-0.13114,-0.2098
671218,2025,heliot ramos,155.64084,257.96768,464,695,52,17,6,0,0,158,159,248.0,620,SF,LF,0.25645,0.4,0.32806,0.72806,0.25103,0.41608,0.32322,0.7393,106.19872,0.00542,-0.01608,-0.01124
502671,2025,paul goldschmidt,126.00846,209.98105,389,534,36,4,2,0,3,100,134,197.0,489,NYY,1B,0.27403,0.40286,0.32768,0.73055,0.25769,0.42941,0.31263,0.74204,106.13976,0.01634,-0.02655,-0.0115
663457,2025,lars nootbaar,125.1386,203.55333,394,583,64,6,3,1,0,119,119,184.0,509,STL,LF,0.23379,0.36149,0.32474,0.68624,0.24585,0.39991,0.33529,0.7352,106.02256,-0.01206,-0.03842,-0.04896
668227,2025,randy arozarena,141.63766,252.77968,426,712,64,27,5,0,0,191,146,261.0,616,SEA,LF,0.23701,0.4237,0.33287,0.75657,0.22993,0.41036,0.32674,0.73709,105.89627,0.00708,0.01334,0.01947
807799,2025,masataka yoshida,53.69139,77.23093,167,205,10,3,4,0,0,24,50,73.0,188,BOS,LF,0.26596,0.3883,0.30732,0.69561,0.28559,0.4108,0.32532,0.73613,105.55698,-0.01964,-0.0225,-0.04051
669394,2025,jake burger,89.2761,166.29421,266,377,12,5,3,0,0,93,84,149.0,357,TEX,1B,0.23529,0.41737,0.2679,0.68527,0.25007,0.46581,0.2819,0.74771,105.40007,-0.01478,-0.04844,-0.06244
804668,2025,rafael flores,3.32576,6.37454,8,17,2,0,0,0,0,7,3,5.0,15,PIT,C,0.2,0.33333,0.29412,0.62745,0.22172,0.42497,0.31328,0.73825,105.24268,-0.02172,-0.09164,-0.1108
681715,2025,heriberto hernandez,59.20073,109.10823,181,296,31,3,4,0,0,77,68,112.0,258,MIA,LF,0.26357,0.43411,0.34459,0.7787,0.22946,0.4229,0.31487,0.73777,105.23398,0.03411,0.01121,0.04094
680777,2025,ryan jeffers,100.45357,160.29769,315,466,50,7,1,0,0,91,108,161.0,408,MIN,C,0.26471,0.39461,0.35408,0.74869,0.24621,0.39289,0.33788,0.73077,105.10391,0.0185,0.00172,0.01792
664761,2025,alec bohm,128.46742,190.90462,386,504,29,5,6,0,0,82,133,190.0,464,PHI,3B,0.28664,0.40948,0.33135,0.74083,0.27687,0.41143,0.32236,0.73379,104.76888,0.00977,-0.00195,0.00704
676059,2025,jordan westburg,82.09437,144.89575,249,352,17,6,1,0,0,80,87,150.0,328,BAL,3B,0.26524,0.45732,0.3125,0.76982,0.25029,0.44176,0.29856,0.74032,104.72865,0.01496,0.01556,0.0295
687859,2025,troy johnston,28.89901,47.31872,85,121,8,1,0,0,0,26,31,47.0,112,MIA,OF,0.27679,0.41964,0.33058,0.75022,0.25803,0.42249,0.31321,0.7357,104.60594,0.01876,-0.00285,0.01452
696100,2025,hunter goodman,131.02067,244.01825,387,579,33,4,2,0,0,152,150,281.0,540,COL,C,0.27778,0.52037,0.32297,0.84334,0.24263,0.45189,0.29019,0.74208,104.58035,0.03515,0.06848,0.10126
606192,2025,teoscar hernández,126.94223,227.7838,376,537,25,3,5,0,1,132,125,231.0,503,LAD,RF,0.24851,0.45924,0.28545,0.74469,0.25237,0.45285,0.28907,0.74192,104.46362,-0.00386,0.00639,0.00277
641856,2025,billy mckinney,5.77226,8.17542,19,21,1,0,0,0,0,1,4,5.0,20,TEX,LF,0.2,0.25,0.2381,0.4881,0.28861,0.40877,0.32249,0.73126,104.14999,-0.08861,-0.15877,-0.24316
656541,2025,sam hilliard,10.14518,20.20861,28,61,10,0,0,0,0,23,10,21.0,51,COL,LF,0.19608,0.41176,0.32787,0.73963,0.19893,0.39625,0.33025,0.7265,103.50917,-0.00285,0.01552,0.01314
688760,2025,blaine crim,14.55223,28.9952,39,74,6,1,2,0,0,28,13,30.0,65,COL,1B,0.2,0.46154,0.27027,0.73181,0.22388,0.44608,0.29125,0.73733,103.47423,-0.02388,0.01546,-0.00552
695734,2025,daylen lile,86.97798,130.87612,269,351,21,4,3,1,1,56,96,160.0,321,WSH,RF,0.29907,0.49844,0.3467,0.84515,0.27096,0.40771,0.32085,0.72857,103.36727,0.02811,0.09073,0.11658
669450,2025,cooper hummel,19.18945,33.89037,58,105,14,2,0,1,0,31,15,24.0,88,HOU,LF,0.17045,0.27273,0.29808,0.5708,0.21806,0.38512,0.33836,0.72348,103.32619,-0.04761,-0.11239,-0.15267
543510,2025,james mccann,30.92261,50.90314,92,137,8,4,1,1,0,33,32,53.0,123,AZ,C,0.26016,0.43089,0.32353,0.75442,0.2514,0.41385,0.31561,0.72945,103.22093,0.00876,0.01705,0.02497
621043,2025,carlos correa,141.18442,221.02745,422,587,45,1,1,0,0,113,148,216.0,540,HOU,SS,0.27407,0.4,0.33049,0.73049,0.26145,0.40931,0.31888,0.72819,103.13663,0.01262,-0.00931,0.0023
596142,2025,gary sánchez,22.11611,38.34282,64,101,4,5,1,0,0,27,21,38.0,91,BAL,C,0.23077,0.41758,0.29703,0.71461,0.24303,0.42135,0.30808,0.72943,102.68905,-0.01226,-0.00377,-0.01482
553882,2025,omar narváez,1.85264,2.25363,7,10,2,0,1,0,0,1,2,2.0,7,CWS,C,0.28571,0.28571,0.4,0.68571,0.26466,0.32195,0.38526,0.70721,102.5631,0.02105,-0.03623,-0.0215
669369,2025,bryce johnson,21.83366,29.72212,60,84,3,2,0,3,0,19,26,33.0,76,SD,CF,0.34211,0.43421,0.38272,0.81693,0.28729,0.39108,0.33128,0.72236,102.55395,0.05482,0.04313,0.09457
572233,2025,christian walker,140.03746,253.33503,412,640,40,11,4,0,0,177,139,246.0,585,HOU,1B,0.23761,0.42051,0.29688,0.71739,0.23938,0.43305,0.2985,0.73155,102.54539,-0.00177,-0.01254,-0.01416
668901,2025,mark vientos,104.60123,181.96576,313,463,30,5,4,0,0,115,99,175.0,424,NYM,3B,0.23349,0.41274,0.28942,0.70215,0.2467,0.42916,0.30151,0.73068,102.54061,-0.01321,-0.01643,-0.02853
687462,2025,spencer horwitz,90.16539,142.11673,290,411,44,2,1,0,0,73,99,158.0,364,PIT,1B,0.27198,0.43407,0.3528,0.78686,0.24771,0.39043,0.3313,0.72173,102.39982,0.02427,0.04364,0.06513
630105,2025,jake cronenworth,99.48638,149.72492,322,517,69,15,7,4,1,107,103,158.0,421,SD,2B,0.24466,0.3753,0.36523,0.74053,0.23631,0.35564,0.35837,0.71401,102.37348,0.00835,0.01966,0.02652
676694,2025,jake meyers,91.90294,134.18828,278,382,31,3,2,2,0,67,100,128.0,344,HOU,CF,0.2907,0.37209,0.35263,0.72472,0.26716,0.39008,0.33132,0.72141,102.31994,0.02354,-0.01799,0.00332
502054,2025,tommy pham,97.81488,152.49001,301,450,50,2,5,0,0,94,96,145.0,393,PIT,LF,0.24427,0.36896,0.32889,0.69785,0.24889,0.38802,0.33292,0.72094,102.31525,-0.00462,-0.01906,-0.02309
671289,2025,tyler freeman,104.64092,137.37298,331,428,34,11,4,2,0,51,106,136.0,377,COL,RF,0.28117,0.36074,0.35446,0.7152,0.27756,0.36438,0.35127,0.71565,102.28497,0.0036,-0.00364,-0.00045
457705,2025,andrew mccutchen,114.95774,185.05433,359,553,67,2,3,0,2,118,114,175.0,479,PIT,RF,0.238,0.36534,0.33212,0.69747,0.24,0.38633,0.33386,0.7202,102.19687,-0.002,-0.02099,-0.02273
593428,2025,xander bogaerts,129.40568,196.40992,403,557,48,4,8,1,0,94,129,192.0,496,SD,SS,0.26008,0.3871,0.32554,0.71264,0.2609,0.39599,0.32627,0.72226,102.17825,-0.00082,-0.00889,-0.00962
680776,2025,jarren duran,152.42213,248.67654,454,697,60,12,3,1,0,169,159,274.0,621,BOS,LF,0.25604,0.44122,0.3319,0.77312,0.24545,0.40045,0.32245,0.72289,102.06858,0.01059,0.04078,0.05023
665161,2025,jeremy peña,126.83157,198.45249,402,543,35,12,2,1,0,93,150,235.0,493,HOU,SS,0.30426,0.47667,0.36347,0.84014,0.25726,0.40254,0.32072,0.72326,102.04061,0.04699,0.07413,0.11688
643446,2025,jeff mcneil,101.52117,148.16488,350,462,49,8,4,2,0,55,97,164.0,399,NYM,2B,0.24311,0.41103,0.33478,0.74581,0.25444,0.37134,0.34461,0.71595,101.89367,-0.01133,0.03969,0.02986
592626,2025,joc pederson,61.13601,103.73136,199,306,34,5,1,0,1,65,48,87.0,265,TEX,1B,0.18113,0.3283,0.28525,0.61355,0.2307,0.39144,0.32831,0.71975,101.69949,-0.04957,-0.06314,-0.10621
595777,2025,jurickson profar,73.73064,120.29144,257,373,48,5,0,0,0,59,78,138.0,320,ATL,LF,0.24375,0.43125,0.35121,0.78246,0.23041,0.37591,0.33976,0.71567,101.48509,0.01334,0.05534,0.06679
669477,2025,casey schmitt,76.173,128.48575,233,348,27,5,3,1,0,83,74,125.0,312,SF,3B,0.23718,0.40064,0.30548,0.70612,0.24414,0.41181,0.31174,0.72355,101.48446,-0.00696,-0.01117,-0.01743
678246,2025,miguel vargas,122.41902,200.19738,406,570,56,6,3,0,0,100,118,202.0,505,CWS,3B,0.23366,0.4,0.31579,0.71579,0.24241,0.39643,0.32354,0.71997,101.42038,-0.00875,0.00357,-0.00418
656976,2025,pavin smith,53.75647,94.59418,154,288,41,0,2,0,1,92,63,106.0,244,AZ,1B,0.2582,0.43443,0.36237,0.7968,0.22031,0.38768,0.33016,0.71784,101.35391,0.03788,0.04675,0.07895
669743,2025,alex call,68.39562,99.47447,220,324,36,6,4,6,0,55,72,104.0,272,LAD,RF,0.26471,0.38235,0.35849,0.74084,0.25145,0.36571,0.34716,0.71287,101.30629,0.01325,0.01664,0.02797
663616,2025,trevor larnach,127.43603,197.62733,387,567,53,4,6,0,1,122,126,203.0,503,MIN,RF,0.2505,0.40358,0.32332,0.7269,0.25335,0.3929,0.32586,0.71876,101.28005,-0.00285,0.01068,0.00814
642708,2025,amed rosario,50.07559,74.88125,150,191,7,2,1,0,0,31,50,79.0,181,NYY,3B,0.27624,0.43646,0.3089,0.74536,0.27666,0.41371,0.3093,0.723,101.17824,-0.00042,0.02276,0.02236
669016,2025,brandon marsh,95.15599,154.40693,275,427,38,0,4,3,1,110,106,168.0,381,PHI,CF,0.27822,0.44094,0.34043,0.78137,0.24975,0.40527,0.31479,0.72006,100.82989,0.02846,0.03568,0.06131
543760,2025,marcus semien,116.20755,187.6121,385,535,50,5,9,0,0,93,108,171.0,471,TEX,2B,0.2293,0.36306,0.30467,0.66773,0.24673,0.39833,0.32001,0.71834,100.76874,-0.01743,-0.03527,-0.05061
642215,2025,weston wilson,26.18474,44.73895,78,125,12,1,0,1,0,34,22,41.0,111,PHI,LF,0.1982,0.36937,0.28226,0.65163,0.2359,0.40305,0.31601,0.71906,100.66713,-0.0377,-0.03368,-0.06743
664770,2025,nathan lukes,102.92569,150.13464,335,440,38,2,3,7,0,60,99,158.0,390,TOR,RF,0.25385,0.40513,0.32102,0.72614,0.26391,0.38496,0.33008,0.71504,100.65295,-0.01007,0.02017,0.0111
656537,2025,derek hill,33.23473,55.04115,89,149,9,3,0,3,0,48,29,44.0,134,CWS,CF,0.21642,0.32836,0.28082,0.60918,0.24802,0.41075,0.30983,0.72058,100.61349,-0.0316,-0.0824,-0.1114
689414,2025,liam hicks,85.50234,118.37958,280,392,43,9,3,3,0,56,82,115.0,334,MIA,C,0.24551,0.34431,0.34447,0.68878,0.256,0.35443,0.35348,0.70791,100.51479,-0.01049,-0.01012,-0.01912
672820,2025,lenyn sosa,131.04951,231.06204,393,544,18,4,3,1,0,127,137,225.0,518,CWS,2B,0.26448,0.43436,0.29282,0.72718,0.25299,0.44607,0.28186,0.72792,100.48339,0.01149,-0.0117,-0.00074
571912,2025,luke maile,10.56277,16.84783,30,54,7,0,0,2,0,16,11,16.0,45,KC,C,0.24444,0.35556,0.34615,0.70171,0.23473,0.3744,0.33775,0.71214,100.46772,0.00972,-0.01884,-0.01043
673357,2025,luis robert,91.04961,155.63639,272,431,40,2,3,1,3,112,85,139.0,382,CWS,CF,0.22251,0.36387,0.29742,0.6613,0.23835,0.40743,0.31159,0.71902,100.34808,-0.01584,-0.04355,-0.05772
676572,2025,eric wagaman,124.04536,197.5148,380,514,32,1,5,0,0,100,119,180.0,476,MIA,1B,0.25,0.37815,0.29572,0.67387,0.2606,0.41495,0.30554,0.72048,100.28912,-0.0106,-0.0368,-0.04661
682829,2025,elly de la cruz,152.03776,253.77518,447,701,67,2,1,0,0,181,166,277.0,631,CIN,SS,0.26307,0.43899,0.33524,0.77422,0.24095,0.40218,0.31532,0.7175,100.23098,0.02213,0.03681,0.05672
663624,2025,ryan mountcastle,85.28597,142.94543,240,357,15,4,6,0,0,98,83,122.0,332,BAL,1B,0.25,0.36747,0.28571,0.65318,0.25689,0.43056,0.29212,0.72268,99.89645,-0.00689,-0.06309,-0.06949
666971,2025,lourdes gurriel,131.61439,205.2745,432,547,31,6,9,0,0,76,124,209.0,501,AZ,LF,0.2475,0.41717,0.29433,0.7115,0.2627,0.40973,0.30825,0.71798,99.85798,-0.0152,0.00744,-0.00648
669208,2025,ryan bliss,8.32258,14.75731,24,40,4,0,0,0,0,11,7,11.0,36,SEA,2B,0.19444,0.30556,0.275,0.58056,0.23118,0.40993,0.30806,0.71799,99.84664,-0.03674,-0.10437,-0.13743
516782,2025,starling marte,73.68724,115.79867,228,329,22,9,4,1,0,68,79,120.0,293,NYM,LF,0.26962,0.40956,0.33537,0.74492,0.25149,0.39522,0.31917,0.71439,99.72722,0.01813,0.01434,0.03054
678662,2025,ezequiel tovar,91.54188,153.64318,269,391,21,1,2,6,0,98,91,144.0,361,COL,SS,0.25208,0.39889,0.29351,0.6924,0.25358,0.4256,0.29491,0.72052,99.5559,-0.0015,-0.02671,-0.02812
665052,2025,griffin conine,19.11844,32.62796,54,86,7,0,0,0,0,25,20,33.0,79,MIA,LF,0.25316,0.41772,0.31395,0.73168,0.24201,0.41301,0.3037,0.71671,99.22525,0.01116,0.00471,0.01496
666969,2025,adolis garcía,124.61386,220.78858,378,549,28,5,7,0,0,135,115,200.0,509,TEX,RF,0.22593,0.39293,0.26958,0.66251,0.24482,0.43377,0.28709,0.72086,99.09482,-0.01889,-0.04084,-0.05835
807712,2025,luke keaschall,46.95878,65.86139,154,207,19,5,1,0,0,29,55,81.0,182,MIN,2B,0.3022,0.44505,0.38164,0.8267,0.25802,0.36188,0.3428,0.70467,98.96529,0.04418,0.08318,0.12203
592663,2025,j. t. realmuto,126.67815,201.77891,376,550,35,9,3,0,1,129,129,193.0,502,PHI,C,0.25697,0.38446,0.31512,0.69958,0.25235,0.40195,0.31089,0.71284,98.76471,0.00463,-0.01749,-0.01326
681624,2025,andy pages,147.61581,243.79573,448,617,26,8,6,0,0,131,157,266.0,577,LAD,CF,0.2721,0.46101,0.30956,0.77057,0.25583,0.42252,0.29435,0.71688,98.61206,0.01626,0.03848,0.05369
670623,2025,isaac paredes,89.37993,140.04203,302,439,50,8,2,0,0,76,96,173.0,379,HOU,3B,0.2533,0.45646,0.3508,0.80726,0.23583,0.3695,0.33572,0.70522,98.60726,0.01747,0.08696,0.10204
669224,2025,austin wells,96.10511,170.63947,294,449,30,5,11,0,1,118,88,175.0,402,NYY,C,0.21891,0.43532,0.27455,0.70988,0.23907,0.42448,0.29265,0.71712,98.55377,-0.02016,0.01085,-0.00724
672359,2025,tirso ornelas,3.05335,5.51938,12,16,2,0,0,0,0,2,1,1.0,14,SD,LF,0.07143,0.07143,0.1875,0.25893,0.2181,0.39424,0.31583,0.71008,98.42387,-0.14667,-0.32281,-0.45115
642851,2025,austin wynns,25.56933,45.2097,73,110,5,0,1,1,0,32,30,56.0,103,ATH,C,0.29126,0.54369,0.3211,0.86479,0.24825,0.43893,0.28045,0.71938,98.2633,0.04302,0.10476,0.14541
592206,2025,nick castellanos,140.46329,227.43307,418,590,32,4,6,0,0,133,137,219.0,548,PHI,RF,0.25,0.39964,0.29322,0.69286,0.25632,0.41502,0.29909,0.71411,98.25708,-0.00632,-0.01539,-0.02126
641555,2025,j. c. escarra,21.04667,30.62038,72,98,11,1,2,0,0,14,17,28.0,84,NYY,C,0.20238,0.33333,0.29592,0.62925,0.25056,0.36453,0.33721,0.70174,97.84675,-0.04817,-0.03119,-0.07249
670042,2025,luke raley,40.98736,66.53802,123,219,19,13,1,3,0,64,37,57.0,183,SEA,RF,0.20219,0.31148,0.31944,0.63092,0.22397,0.3636,0.3379,0.7015,97.83582,-0.02179,-0.05212,-0.07058
666126,2025,carlos cortes,25.31437,40.31498,76,99,3,0,2,0,0,20,29,51.0,94,ATH,LF,0.30851,0.54255,0.32323,0.86579,0.2693,0.42888,0.286,0.71489,97.53465,0.03921,0.11367,0.1509
681393,2025,connor norby,76.62278,129.53457,223,337,18,5,3,0,0,90,78,121.0,311,MIA,3B,0.2508,0.38907,0.2997,0.68877,0.24638,0.41651,0.29562,0.71213,97.52071,0.00443,-0.02744,-0.02336
640492,2025,josé azócar,5.4007,6.51218,18,21,2,0,0,0,0,1,5,5.0,19,ATL,LF,0.26316,0.26316,0.33333,0.59649,0.28425,0.34275,0.35241,0.69516,97.27506,-0.02109,-0.07959,-0.09867
671739,2025,michael harris,161.76412,263.5996,492,642,16,3,7,4,0,128,152,250.0,612,ATL,CF,0.24837,0.4085,0.26803,0.67652,0.26432,0.43072,0.28333,0.71405,97.13946,-0.01595,-0.02222,-0.03753
669261,2025,jack suwinski,30.63328,56.37749,93,179,24,4,0,0,0,57,22,38.0,151,PIT,RF,0.1457,0.25166,0.27933,0.53099,0.20287,0.37336,0.32756,0.70092,96.96933,-0.05717,-0.12171,-0.16994
663538,2025,nico hoerner,168.44682,222.90156,551,651,39,7,4,0,0,49,178,236.0,601,CHC,2B,0.29617,0.39268,0.34409,0.73676,0.28028,0.37088,0.32941,0.7003,96.94337,0.0159,0.02179,0.03647
641487,2025,j. p. crawford,142.71852,205.08433,451,656,74,3,1,6,0,122,151,211.0,572,SEA,SS,0.26399,0.36888,0.35077,0.71965,0.24951,0.35854,0.33803,0.69657,96.61939,0.01448,0.01034,0.02308
624585,2025,jorge soler,62.82683,112.71007,188,315,28,4,3,0,1,94,60,108.0,279,LAA,RF,0.21505,0.3871,0.29299,0.68009,0.22519,0.40398,0.302,0.70598,96.43861,-0.01013,-0.01688,-0.02588
702616,2025,jackson holliday,142.40948,227.71188,445,650,56,6,1,0,0,140,142,220.0,587,BAL,2B,0.24191,0.37479,0.31385,0.68863,0.24261,0.38792,0.31448,0.7024,96.4228,-0.0007,-0.01314,-0.01377
681351,2025,logan o'hoppe,100.20825,184.58795,286,454,24,2,1,1,0,139,90,157.0,426,LAA,C,0.21127,0.36854,0.25607,0.62462,0.23523,0.43331,0.27861,0.71191,96.27864,-0.02396,-0.06476,-0.0873
663967,2025,césar salazar,3.2444,3.77236,11,16,2,1,0,0,0,2,3,3.0,13,HOU,C,0.23077,0.23077,0.375,0.60577,0.24957,0.29018,0.39027,0.68046,96.26801,-0.0188,-0.05941,-0.07469
642086,2025,dominic smith,52.88767,80.00667,165,225,15,2,4,0,0,42,58,85.0,204,SF,1B,0.28431,0.41667,0.33333,0.75,0.25925,0.39219,0.31061,0.7028,96.2523,0.02506,0.02448,0.0472
666150,2025,dominic fletcher,8.64556,12.42906,30,34,2,0,0,0,0,2,7,15.0,32,CWS,RF,0.21875,0.46875,0.26471,0.73346,0.27017,0.38841,0.3131,0.70151,96.10643,-0.05142,0.08034,0.03194
669707,2025,jared triolo,80.93002,124.15535,259,378,39,2,1,3,0,76,75,118.0,333,PIT,SS,0.22523,0.35435,0.30933,0.66369,0.24303,0.37284,0.32515,0.69799,96.07164,-0.01781,-0.01848,-0.0343
681460,2025,brooks baldwin,72.89228,124.23165,220,328,21,1,2,4,0,86,72,122.0,300,CWS,LF,0.24,0.40667,0.29012,0.69679,0.24297,0.41411,0.29288,0.70698,96.05187,-0.00297,-0.00744,-0.01019
681082,2025,bryson stott,124.03989,190.86127,414,563,54,1,4,2,0,91,128,195.0,502,PHI,2B,0.25498,0.38845,0.3262,0.71465,0.24709,0.3802,0.31914,0.69935,95.99015,0.00789,0.00824,0.0153
681584,2025,david villar,4.09941,6.45445,15,25,4,1,0,0,0,5,4,5.0,20,SF,1B,0.2,0.25,0.36,0.61,0.20497,0.32272,0.36398,0.6867,95.98117,-0.00497,-0.07272,-0.0767
681297,2025,colton cowser,72.36616,135.10075,198,360,27,6,0,0,0,128,64,126.0,327,BAL,LF,0.19572,0.38532,0.26944,0.65477,0.2213,0.41315,0.29268,0.70584,95.75347,-0.02558,-0.02783,-0.05107
656555,2025,rhys hoskins,60.50568,106.88288,194,328,38,5,6,0,0,91,66,116.0,279,MIL,1B,0.23656,0.41577,0.33232,0.74809,0.21687,0.38309,0.31557,0.69866,95.56954,0.01969,0.03268,0.04943
677942,2025,blaze alexander,52.17376,86.77698,147,266,22,10,1,3,0,86,53,88.0,230,AZ,SS,0.23043,0.38261,0.32319,0.7058,0.22684,0.37729,0.32005,0.69734,95.55626,0.00359,0.00532,0.00846
683011,2025,anthony volpe,127.90685,221.33535,399,597,43,4,7,3,0,150,114,211.0,540,NYY,SS,0.21111,0.39074,0.27104,0.66178,0.23686,0.40988,0.29446,0.70434,95.50481,-0.02575,-0.01914,-0.04255
607208,2025,trea turner,153.80029,227.4031,484,642,43,5,2,0,0,107,179,269.0,592,PHI,SS,0.30236,0.45439,0.35358,0.80797,0.2598,0.38413,0.31433,0.69846,95.43322,0.04257,0.07027,0.10952
666464,2025,jerar encarnacion,14.49449,23.7542,40,56,1,0,0,0,0,15,11,20.0,55,SF,RF,0.2,0.36364,0.21429,0.57792,0.26354,0.43189,0.27669,0.70858,95.31793,-0.06354,-0.06826,-0.13066
666624,2025,christopher morel,60.28312,117.36615,169,306,25,2,0,0,0,109,61,110.0,279,TB,LF,0.21864,0.39427,0.28758,0.68185,0.21607,0.42067,0.28524,0.70591,95.2508,0.00257,-0.0264,-0.02406
805249,2025,otto kemp,46.22247,79.33829,132,218,12,7,2,0,0,67,46,81.0,197,PHI,OF,0.2335,0.41117,0.29817,0.70933,0.23463,0.40273,0.29919,0.70192,95.23464,-0.00113,0.00844,0.00741
663697,2025,jonathan india,118.49186,181.13787,393,567,54,13,2,1,0,106,116,172.0,497,KC,2B,0.2334,0.34608,0.32332,0.6694,0.23841,0.36446,0.32772,0.69219,94.81144,-0.00501,-0.01839,-0.02279
663886,2025,tyler stephenson,65.22562,117.5057,186,342,37,2,4,0,0,116,69,126.0,299,CIN,C,0.23077,0.4214,0.31579,0.73719,0.21815,0.393,0.30475,0.69775,94.58813,0.01262,0.02841,0.03945
805904,2025,zach cole,9.50813,20.65996,27,53,5,0,0,0,0,20,12,26.0,48,HOU,CF,0.25,0.54167,0.32075,0.86242,0.19809,0.43042,0.27374,0.70415,94.01217,0.05191,0.11125,0.15827
628451,2025,andy ibáñez,45.25005,65.88852,148,193,12,4,1,0,0,26,42,62.0,176,DET,3B,0.23864,0.35227,0.30052,0.65279,0.2571,0.37437,0.31736,0.69172,93.97241,-0.01847,-0.02209,-0.03893
666310,2025,bo naylor,80.35233,138.82933,269,414,45,1,6,3,0,99,70,136.0,359,CLE,C,0.19499,0.37883,0.28224,0.66107,0.22382,0.38671,0.30743,0.69414,93.87801,-0.02884,-0.00788,-0.03307
678882,2025,ceddanne rafaela,135.33654,222.27574,434,589,28,8,2,3,0,117,136,226.0,548,BOS,CF,0.24818,0.41241,0.29352,0.70592,0.24696,0.40561,0.29238,0.698,93.78525,0.00121,0.0068,0.00793
696030,2025,alejandro osuna,36.45193,53.1563,117,177,21,2,2,0,0,34,32,42.0,152,TEX,LF,0.21053,0.27632,0.31073,0.58705,0.23982,0.34971,0.33589,0.6856,93.74555,-0.02929,-0.0734,-0.09855
514888,2025,josé altuve,143.98931,224.37773,485,654,55,4,6,1,0,109,156,260.0,588,HOU,LF,0.26531,0.44218,0.32925,0.77143,0.24488,0.38159,0.31086,0.69245,93.69876,0.02043,0.06058,0.07898
686555,2025,isaac collins,88.36495,125.89299,284,442,57,6,3,3,0,93,98,153.0,373,MIL,LF,0.26273,0.41019,0.36674,0.77693,0.2369,0.33751,0.34479,0.68231,93.55091,0.02583,0.07267,0.09462
672569,2025,gustavo campero,13.10887,21.42397,44,66,5,3,0,0,0,14,10,20.0,58,LAA,RF,0.17241,0.34483,0.27273,0.61755,0.22601,0.36938,0.31983,0.68921,93.52074,-0.0536,-0.02455,-0.07166
643565,2025,mike tauchman,78.30098,118.71893,249,385,45,4,1,0,0,86,88,134.0,335,CWS,RF,0.26269,0.4,0.35584,0.75584,0.23373,0.35438,0.33065,0.68504,93.24019,0.02895,0.04562,0.07081
672761,2025,wenceel pérez,83.31643,132.48466,262,383,31,3,5,0,0,87,84,148.0,344,DET,RF,0.24419,0.43023,0.30809,0.73833,0.2422,0.38513,0.30631,0.69144,93.12967,0.00199,0.0451,0.04689
700337,2025,edgar quero,94.68771,132.13763,296,403,32,4,2,0,0,71,98,130.0,365,CWS,C,0.26849,0.35616,0.33251,0.68867,0.25942,0.36202,0.32429,0.68631,93.11127,0.00907,-0.00586,0.00236
680700,2025,richie palacios,10.43202,15.3183,34,48,5,0,1,0,0,9,14,19.0,42,TB,LF,0.33333,0.45238,0.39583,0.84821,0.24838,0.36472,0.3215,0.68622,92.89516,0.08495,0.08766,0.16199
686894,2025,joey wiemer,12.65924,23.4684,34,61,2,2,2,0,0,23,13,24.0,55,MIA,LF,0.23636,0.43636,0.27869,0.71505,0.23017,0.4267,0.2731,0.6998,92.88646,0.0062,0.00967,0.01525
682177,2025,daniel schneemann,86.19742,147.48912,262,422,38,3,1,1,0,117,78,134.0,379,CLE,2B,0.2058,0.35356,0.28266,0.63622,0.22743,0.38915,0.30213,0.69128,92.79955,-0.02163,-0.03559,-0.05506
668723,2025,ryan vilade,3.11386,4.40508,8,15,2,0,0,0,0,5,1,1.0,13,STL,RF,0.07692,0.07692,0.2,0.27692,0.23953,0.33885,0.34092,0.67978,92.6513,-0.1626,-0.26193,-0.40285
676801,2025,chas mccormick,23.68993,38.67662,74,116,9,1,1,5,0,31,21,29.0,100,HOU,LF,0.21,0.29,0.27928,0.56928,0.2369,0.38677,0.30351,0.69028,92.64621,-0.0269,-0.09677,-0.121
650333,2025,luis arráez,178.49614,225.31905,614,677,34,2,7,12,0,21,181,243.0,622,SD,1B,0.291,0.39068,0.32632,0.71699,0.28697,0.36225,0.32255,0.6848,92.61537,0.00403,0.02843,0.03219
694192,2025,jackson chourio,135.89473,224.32773,435,590,30,3,6,1,0,121,148,254.0,550,MIL,CF,0.26909,0.46182,0.3073,0.76912,0.24708,0.40787,0.28675,0.69462,92.55237,0.02201,0.05395,0.0745
665966,2025,carlos narváez,95.2182,156.09323,296,446,38,1,2,2,0,111,97,169.0,403,BOS,C,0.24069,0.41935,0.30631,0.72566,0.23627,0.38733,0.30229,0.68962,92.39765,0.00442,0.03203,0.03604
686611,2025,dylan crews,68.60654,113.15516,214,322,24,5,0,0,0,76,61,103.0,293,WSH,RF,0.20819,0.35154,0.2795,0.63104,0.23415,0.3862,0.30313,0.68932,92.38123,-0.02596,-0.03466,-0.05828
669242,2025,tommy edman,86.45863,129.05576,281,367,19,6,5,1,0,59,76,127.0,336,LAD,2B,0.22619,0.37798,0.27596,0.65393,0.25732,0.38409,0.30453,0.68863,92.3069,-0.03113,-0.00612,-0.03469
808982,2025,jung hoo lee,146.55174,201.42652,492,617,47,6,4,0,0,71,149,228.0,560,SF,CF,0.26607,0.40714,0.32739,0.73453,0.2617,0.35969,0.32342,0.68311,92.25728,0.00437,0.04745,0.05142
687952,2025,christian encarnacion-strand,31.02904,56.76308,100,137,3,2,2,0,0,32,27,49.0,130,CIN,1B,0.20769,0.37692,0.23358,0.6105,0.23868,0.43664,0.26299,0.69962,92.13605,-0.03099,-0.05972,-0.08913
695238,2025,will wagner,32.72985,41.87847,102,149,17,2,0,1,0,28,29,36.0,129,SD,3B,0.22481,0.27907,0.32432,0.60339,0.25372,0.32464,0.34953,0.67417,91.85867,-0.02891,-0.04557,-0.07077
605353,2025,vimael machín,2.65021,4.20569,9,12,1,0,0,0,0,2,1,4.0,11,BAL,SS,0.09091,0.36364,0.16667,0.5303,0.24093,0.38234,0.30418,0.68652,91.75945,-0.15002,-0.0187,-0.15622
682641,2025,luis matos,43.96639,66.85697,146,184,11,0,1,0,0,27,38,73.0,172,SF,RF,0.22093,0.42442,0.2663,0.69072,0.25562,0.3887,0.29873,0.68743,91.6054,-0.03469,0.03572,0.00329
702284,2025,cole young,52.08689,79.93466,180,257,28,2,2,2,0,47,47,68.0,223,SEA,2B,0.21076,0.30493,0.30196,0.60689,0.23357,0.35845,0.32191,0.68036,91.46805,-0.02281,-0.05352,-0.07347
671732,2025,lawrence butler,130.68439,219.82203,392,632,59,0,0,2,0,179,133,230.0,571,ATH,RF,0.23292,0.4028,0.30476,0.70756,0.22887,0.38498,0.30109,0.68606,91.42971,0.00406,0.01782,0.0215
641598,2025,mitch garver,54.40541,97.57146,177,290,30,3,3,0,0,80,53,87.0,254,SEA,C,0.20866,0.34252,0.29655,0.63907,0.21419,0.38414,0.3014,0.68554,91.32082,-0.00553,-0.04162,-0.04647
669357,2025,nolan gorman,72.33608,137.06705,218,403,47,0,4,0,0,136,72,130.0,352,STL,2B,0.20455,0.36932,0.29529,0.6646,0.2055,0.3894,0.29612,0.68551,90.94628,-0.00095,-0.02008,-0.02091
673962,2025,josh jung,117.93996,192.71374,350,511,27,2,0,0,0,129,121,188.0,482,TEX,3B,0.25104,0.39004,0.29354,0.68358,0.24469,0.39982,0.28755,0.68737,90.80995,0.00635,-0.00978,-0.00379
543592,2025,austin nola,10.88106,13.4889,34,41,2,0,0,1,0,5,7,8.0,38,COL,C,0.18421,0.21053,0.225,0.43553,0.28634,0.35497,0.32203,0.677,90.64094,-0.10213,-0.14444,-0.24147
649966,2025,luis urías,69.38601,100.97059,245,331,31,6,3,0,3,45,66,97.0,288,ATH,2B,0.22917,0.33681,0.31402,0.65083,0.24092,0.35059,0.32435,0.67494,90.29203,-0.01176,-0.01379,-0.02411
701305,2025,zach dezenzo,21.11199,38.07821,61,109,11,0,0,0,0,37,24,36.0,98,HOU,LF,0.2449,0.36735,0.3211,0.68845,0.21543,0.38855,0.29461,0.68316,90.25545,0.02947,-0.02121,0.00529
669288,2025,daniel johnson,12.36545,20.96255,40,57,4,0,0,0,0,13,10,16.0,53,BAL,CF,0.18868,0.30189,0.24561,0.5475,0.23331,0.39552,0.28711,0.68263,89.60143,-0.04463,-0.09363,-0.13513
608385,2025,jesse winker,15.52367,26.27942,51,81,9,0,2,0,0,21,16,28.0,70,NYM,LF,0.22857,0.4,0.30864,0.70864,0.22177,0.37542,0.30276,0.67818,89.58912,0.0068,0.02458,0.03046
687231,2025,darell hernaiz,44.7865,61.65459,156,197,17,0,5,2,0,24,40,53.0,173,ATH,3B,0.23121,0.30636,0.29231,0.59867,0.25888,0.35638,0.31685,0.67324,89.34599,-0.02767,-0.05003,-0.07457
672744,2025,alexander canario,47.67419,87.94498,137,234,17,0,1,0,0,80,47,73.0,216,PIT,LF,0.21759,0.33796,0.2735,0.61147,0.22071,0.40715,0.27639,0.68354,89.0768,-0.00312,-0.06919,-0.07207
669701,2025,josh smith,118.50347,171.60849,398,564,55,8,1,3,1,100,124,181.0,496,TEX,SS,0.25,0.36492,0.33393,0.69885,0.23892,0.34598,0.32411,0.6701,89.07315,0.01108,0.01893,0.02875
665804,2025,miguel amaya,23.21673,36.80144,74,100,4,1,1,1,0,21,26,46.0,93,CHC,C,0.27957,0.49462,0.31313,0.80775,0.24964,0.39571,0.28502,0.68073,88.9829,0.02993,0.09891,0.12702
694212,2025,samuel basallo,24.93979,42.75496,79,118,6,3,0,0,0,30,18,36.0,109,BAL,C,0.16514,0.33028,0.22881,0.55909,0.22881,0.39225,0.28763,0.67987,88.95166,-0.06367,-0.06197,-0.12078
679845,2025,nick loftin,40.93657,61.07979,143,188,14,3,2,1,0,27,35,60.0,168,KC,LF,0.20833,0.35714,0.27807,0.63522,0.24367,0.36357,0.30982,0.67339,88.8926,-0.03534,-0.00643,-0.03817
702332,2025,caleb durbin,110.48213,152.6604,402,507,30,24,4,3,0,50,114,172.0,446,MIL,3B,0.25561,0.38565,0.33333,0.71898,0.24772,0.34229,0.32635,0.66864,88.86781,0.00789,0.04336,0.05034
642201,2025,eli white,61.65646,104.68624,186,272,11,2,1,1,0,70,60,104.0,257,ATL,RF,0.23346,0.40467,0.26937,0.67404,0.23991,0.40734,0.27549,0.68282,88.83668,-0.00645,-0.00267,-0.00878
805779,2025,jacob wilson,132.81157,170.73765,447,524,27,7,1,2,0,39,151,216.0,487,ATH,SS,0.31006,0.44353,0.35441,0.79794,0.27271,0.35059,0.31956,0.67015,88.76883,0.03735,0.09294,0.12778
596115,2025,trevor story,144.70557,244.00715,433,655,33,7,1,1,0,176,161,265.0,613,BOS,SS,0.26264,0.4323,0.30734,0.73964,0.23606,0.39805,0.28242,0.68048,88.7388,0.02658,0.03425,0.05916
641943,2025,joshua palacios,28.5737,46.3796,92,145,12,4,0,1,0,36,26,39.0,128,CWS,RF,0.20312,0.30469,0.29167,0.59635,0.22323,0.36234,0.30954,0.67188,88.49758,-0.02011,-0.05765,-0.07553
669720,2025,austin hays,89.00822,149.81321,275,417,29,1,6,0,0,107,101,172.0,381,CIN,LF,0.26509,0.45144,0.31415,0.76559,0.23362,0.39321,0.28539,0.6786,88.48,0.03147,0.05823,0.08699
667472,2025,dane myers,73.81715,116.91451,231,334,23,2,1,0,0,77,72,100.0,308,MIA,CF,0.23377,0.32468,0.29042,0.61509,0.23967,0.37959,0.29586,0.67545,88.42907,-0.0059,-0.05492,-0.06036
694362,2025,blake dunn,11.94711,17.88562,35,75,8,7,0,0,0,25,9,14.0,60,CIN,LF,0.15,0.23333,0.32,0.55333,0.19912,0.29809,0.35929,0.65739,88.37431,-0.04912,-0.06476,-0.10406
657077,2025,alex verdugo,50.52361,70.51373,165,213,14,2,0,0,0,31,47,57.0,197,ATL,LF,0.23858,0.28934,0.29577,0.58511,0.25647,0.35794,0.31232,0.67026,88.28804,-0.01789,-0.0686,-0.08514
691176,2025,jasson domínguez,88.37073,138.7893,270,430,41,3,4,0,0,115,98,148.0,382,NYY,LF,0.25654,0.38743,0.33023,0.71767,0.23134,0.36332,0.30784,0.67116,88.20032,0.02521,0.02411,0.04651
694497,2025,evan carter,45.19209,66.51259,153,220,19,7,0,0,0,41,48,76.0,194,TEX,CF,0.24742,0.39175,0.33636,0.72812,0.23295,0.34285,0.3236,0.66645,88.13093,0.01447,0.0489,0.06167
683021,2025,michael stefanic,5.36479,7.21723,19,25,3,0,0,0,0,3,4,4.0,22,TOR,2B,0.18182,0.18182,0.28,0.46182,0.24385,0.32806,0.33459,0.66265,87.95465,-0.06204,-0.14624,-0.20083
682927,2025,ronny simon,19.38738,27.88691,65,89,8,0,2,1,0,15,18,21.0,78,PIT,2B,0.23077,0.26923,0.29545,0.56469,0.24856,0.35752,0.31122,0.66874,87.83628,-0.01779,-0.08829,-0.10406
680757,2025,steven kwan,164.38564,217.99953,575,698,55,3,7,3,0,60,170,234.0,630,CLE,LF,0.26984,0.37143,0.32806,0.69949,0.26093,0.34603,0.31998,0.66601,87.76905,0.00891,0.0254,0.03348
680474,2025,max schuemann,43.55724,60.62362,152,213,22,4,1,3,0,35,36,50.0,183,ATH,3B,0.19672,0.27322,0.29524,0.56846,0.23802,0.33128,0.33122,0.6625,87.68324,-0.0413,-0.05805,-0.09404
670770,2025,tj friedl,135.35548,184.69246,473,687,81,16,5,4,0,115,151,219.0,581,CIN,CF,0.2599,0.37694,0.3631,0.74004,0.23297,0.31789,0.3402,0.65809,87.21334,0.02693,0.05905,0.08195
686475,2025,tyler tolbert,12.78145,18.47477,42,57,1,3,2,1,0,11,14,19.0,50,KC,2B,0.28,0.38,0.32143,0.70143,0.25563,0.3695,0.29967,0.66916,87.13343,0.02437,0.0105,0.03226
665877,2025,josé fermín,14.42161,19.11094,51,70,8,1,0,1,0,10,17,25.0,60,STL,2B,0.28333,0.41667,0.37681,0.79348,0.24036,0.31852,0.33944,0.65796,87.12923,0.04297,0.09815,0.13552
666134,2025,nolan jones,80.02103,129.83386,244,407,39,5,3,1,0,113,75,108.0,359,CLE,RF,0.20891,0.30084,0.2931,0.59394,0.2229,0.36165,0.30547,0.66712,87.03221,-0.01399,-0.06082,-0.07319
677008,2025,heston kjerstad,36.65614,61.48424,112,167,6,4,1,0,0,45,30,51.0,156,BAL,LF,0.19231,0.32692,0.23952,0.56644,0.23498,0.39413,0.27938,0.67351,86.79469,-0.04267,-0.06721,-0.10706
457759,2025,justin turner,40.89421,60.39024,135,189,16,1,4,0,0,37,37,53.0,168,CHC,1B,0.22024,0.31548,0.28571,0.60119,0.24342,0.35947,0.30632,0.66578,86.75854,-0.02318,-0.04399,-0.06459
686668,2025,brenton doyle,120.16652,197.13737,368,538,30,0,4,2,0,138,117,189.0,502,COL,CF,0.23307,0.37649,0.27425,0.65075,0.23938,0.3927,0.28016,0.67287,86.68984,-0.00631,-0.01621,-0.02212
663993,2025,nathaniel lowe,121.24582,195.55702,383,610,62,2,5,0,0,159,123,206.0,541,BOS,1B,0.22736,0.38078,0.30656,0.68733,0.22411,0.36147,0.30368,0.66515,86.418,0.00324,0.0193,0.02218
663898,2025,brendan rodgers,24.26994,44.56302,70,128,11,1,1,0,0,46,22,32.0,115,HOU,2B,0.1913,0.27826,0.26562,0.54389,0.21104,0.3875,0.28336,0.67086,86.41603,-0.01974,-0.10924,-0.12698
676724,2025,jared young,9.03939,18.13612,28,47,2,1,1,0,0,16,8,21.0,43,NYM,LF,0.18605,0.48837,0.23404,0.72241,0.21022,0.42177,0.25616,0.67793,86.2701,-0.02417,0.0666,0.04449
645277,2025,ozzie albies,144.42469,217.2921,514,668,55,4,5,0,0,94,145,220.0,604,ATL,2B,0.24007,0.36424,0.30539,0.66963,0.23911,0.35976,0.30453,0.66428,86.2606,0.00095,0.00448,0.00534
694388,2025,joey loperfido,23.08602,35.99103,70,104,4,3,0,1,0,27,32,48.0,96,TOR,LF,0.33333,0.5,0.37864,0.87864,0.24048,0.37491,0.2921,0.667,86.06789,0.09285,0.12509,0.21164
467793,2025,carlos santana,94.5922,145.87644,328,478,52,3,4,0,0,91,91,135.0,419,CHC,1B,0.21718,0.3222,0.30544,0.62764,0.22576,0.34815,0.31295,0.66111,86.06075,-0.00857,-0.02596,-0.03347
701358,2025,cam smith,100.77088,158.96959,306,495,43,7,2,0,0,137,104,158.0,443,HOU,RF,0.23476,0.35666,0.31111,0.66777,0.22747,0.35885,0.30459,0.66344,86.05424,0.00729,-0.00219,0.00433
572138,2025,jon singleton,2.4254,3.6339,8,9,0,0,0,0,0,1,1,1.0,9,HOU,1B,0.11111,0.11111,0.11111,0.22222,0.26949,0.40377,0.26949,0.67326,86.04125,-0.15838,-0.29266,-0.45103
656716,2025,zach mckinstry,108.32271,155.93581,347,512,46,7,5,1,0,111,117,198.0,453,DET,3B,0.25828,0.43709,0.33268,0.76977,0.23912,0.34423,0.3157,0.65993,85.95974,0.01916,0.09286,0.10984
682622,2025,noelvi marte,81.0424,133.66662,252,361,16,3,2,0,0,85,89,152.0,340,CIN,3B,0.26176,0.44706,0.29917,0.74623,0.23836,0.39314,0.27713,0.67026,85.8314,0.0234,0.05392,0.07596
682928,2025,cj abrams,135.58601,217.67091,459,639,37,14,3,1,0,125,149,251.0,584,WSH,SS,0.25514,0.42979,0.31348,0.74327,0.23217,0.37272,0.29245,0.66518,85.63957,0.02297,0.05707,0.0781
670156,2025,miles mastrobuoni,37.91899,50.65441,128,175,17,0,1,5,0,29,38,45.0,152,SEA,3B,0.25,0.29605,0.32353,0.61958,0.24947,0.33325,0.32305,0.65631,85.57344,0.00053,-0.0372,-0.03672
686797,2025,brooks lee,119.50794,181.10899,400,528,31,4,5,0,0,92,115,180.0,488,MIN,3B,0.23566,0.36885,0.28409,0.65294,0.24489,0.37112,0.29263,0.66375,85.29779,-0.00924,-0.00227,-0.01081
669236,2025,jeremiah jackson,39.48332,65.75874,119,185,11,2,0,0,0,50,47,76.0,172,BAL,2B,0.27326,0.44186,0.32432,0.76618,0.22955,0.38232,0.28369,0.66601,85.23444,0.0437,0.05954,0.10017
624415,2025,cavan biggio,14.56258,22.46179,50,83,11,1,0,2,0,21,12,17.0,69,KC,1B,0.17391,0.24638,0.2963,0.54267,0.21105,0.32553,0.32793,0.65347,85.20919,-0.03714,-0.07916,-0.11079
647351,2025,abraham toro,64.2913,95.31246,222,285,14,6,5,0,0,42,62,96.0,260,BOS,1B,0.23846,0.36923,0.28772,0.65695,0.24727,0.36659,0.29576,0.66235,85.1667,-0.00881,0.00264,-0.0054
687515,2025,colby thomas,25.68324,49.9169,75,132,7,1,3,1,0,49,27,50.0,120,ATH,RF,0.225,0.41667,0.26718,0.68384,0.21403,0.41597,0.25712,0.6731,85.13821,0.01097,0.00069,0.01074
669200,2025,mason mccoy,4.65339,7.00839,15,26,3,1,0,0,0,7,3,4.0,22,SD,2B,0.13636,0.18182,0.26923,0.45105,0.21152,0.31856,0.33282,0.65139,85.03401,-0.07515,-0.13674,-0.20034
664059,2025,sam haggerty,39.28078,55.28134,124,183,16,2,0,1,1,37,41,60.0,163,TEX,CF,0.25153,0.3681,0.32597,0.69407,0.24099,0.33915,0.31647,0.65562,84.94259,0.01055,0.02895,0.03845
680779,2025,henry davis,54.72054,97.22402,183,283,18,5,3,3,2,76,42,70.0,252,PIT,C,0.16667,0.27778,0.23381,0.51159,0.21715,0.38581,0.27957,0.66538,84.78942,-0.05048,-0.10803,-0.15379
694374,2025,tim tawa,44.16998,73.50777,139,225,20,1,3,2,0,64,40,69.0,199,AZ,2B,0.20101,0.34673,0.27354,0.62028,0.22196,0.36939,0.29224,0.66163,84.7428,-0.02095,-0.02265,-0.04135
642136,2025,matt thaiss,33.1313,47.81513,111,191,29,3,1,1,0,46,34,45.0,157,TB,C,0.21656,0.28662,0.34737,0.63399,0.21103,0.30455,0.3428,0.64735,84.72881,0.00553,-0.01793,-0.01336
624641,2025,edmundo sosa,60.2766,93.03182,191,261,10,2,2,3,1,56,67,114.0,243,PHI,2B,0.27572,0.46914,0.30739,0.77653,0.24805,0.38285,0.28123,0.66408,84.58237,0.02767,0.08629,0.11245
666139,2025,josh lowe,92.92688,144.2771,287,436,33,3,2,1,0,109,87,145.0,397,TB,RF,0.21914,0.36524,0.28276,0.648,0.23407,0.36342,0.29638,0.6598,84.57867,-0.01493,0.00182,-0.0118
543309,2025,kyle higashioka,71.57438,114.38817,232,328,20,2,2,0,0,72,73,122.0,304,TEX,C,0.24013,0.40132,0.28963,0.69095,0.23544,0.37628,0.28529,0.66156,84.24126,0.00469,0.02504,0.02939
687597,2025,jordan beck,121.4415,202.29624,364,589,43,4,1,0,1,174,139,224.0,540,COL,LF,0.25741,0.41481,0.31633,0.73114,0.22489,0.37462,0.28647,0.66109,84.20509,0.03252,0.04019,0.07005
602104,2025,ramón urías,83.19376,132.31709,272,392,27,2,10,0,0,88,85,135.0,353,HOU,3B,0.24079,0.38244,0.29082,0.67325,0.23568,0.37484,0.28621,0.66104,84.17642,0.00512,0.0076,0.01221
683766,2025,christian koss,42.41562,64.44023,134,191,9,3,2,3,0,45,46,64.0,174,SF,2B,0.26437,0.36782,0.30851,0.67633,0.24377,0.37035,0.28944,0.65979,84.09116,0.0206,-0.00253,0.01654
677588,2025,josé tena,36.51894,52.134,113,169,15,1,1,0,0,37,37,54.0,152,WSH,3B,0.24342,0.35526,0.31361,0.66887,0.24026,0.34299,0.31076,0.65375,84.08008,0.00316,0.01228,0.01512
664702,2025,myles straw,66.68279,94.87994,229,299,19,1,1,11,0,50,70,98.0,267,TOR,CF,0.26217,0.36704,0.3125,0.67954,0.24975,0.35536,0.30098,0.65634,84.03945,0.01242,0.01169,0.0232
805367,2025,chase meidroth,111.87167,145.91358,380,505,45,6,1,3,0,72,114,144.0,450,CWS,SS,0.25333,0.32,0.32869,0.64869,0.2486,0.32425,0.32445,0.6487,83.78126,0.00473,-0.00425,-1e-05
643376,2025,danny jansen,58.90495,99.80684,205,340,42,4,2,1,0,86,62,115.0,291,MIL,C,0.21306,0.39519,0.31858,0.71377,0.20242,0.34298,0.30945,0.65243,83.66158,0.01064,0.05221,0.06134
688363,2025,graham pauley,36.71254,54.64002,127,185,21,0,1,1,0,36,36,59.0,162,MIA,3B,0.22222,0.3642,0.30978,0.67398,0.22662,0.33728,0.31366,0.65094,83.58405,-0.0044,0.02691,0.02304
609280,2025,miguel andújar,81.51035,116.97098,272,341,17,1,2,0,0,49,102,151.0,321,CIN,LF,0.31776,0.4704,0.35191,0.82231,0.25393,0.3644,0.29182,0.65621,83.36884,0.06383,0.10601,0.1661
672356,2025,gabriel arias,94.49225,167.19752,275,471,27,7,4,1,0,162,95,157.0,432,CLE,SS,0.21991,0.36343,0.27447,0.63789,0.21873,0.38703,0.27339,0.66042,83.12538,0.00118,-0.02361,-0.02253
571771,2025,enrique hernández,51.39965,84.16911,163,247,18,0,4,1,0,66,46,81.0,224,LAD,1B,0.20536,0.36161,0.26016,0.62177,0.22946,0.37575,0.28211,0.65787,83.10115,-0.02411,-0.01415,-0.0361
692225,2025,kristian campbell,50.00146,76.08717,156,263,29,4,1,0,0,72,51,79.0,229,BOS,2B,0.22271,0.34498,0.31939,0.66437,0.21835,0.33226,0.31559,0.64785,82.95314,0.00436,0.01272,0.01652
691594,2025,javier sanoja,81.74807,108.33851,278,342,19,2,4,4,0,41,76,124.0,313,MIA,2B,0.24281,0.39617,0.28698,0.68315,0.26118,0.34613,0.30399,0.65012,82.70472,-0.01836,0.05004,0.03303
572191,2025,michael taylor,62.59882,114.86721,190,325,23,1,2,4,0,110,59,108.0,295,CWS,RF,0.2,0.3661,0.25857,0.62467,0.2122,0.38938,0.26978,0.65916,82.56016,-0.0122,-0.02328,-0.03449
664056,2025,harrison bader,97.85685,161.22305,313,503,39,11,3,0,0,136,124,201.0,450,PHI,LF,0.27556,0.44667,0.34592,0.79259,0.21746,0.35827,0.29395,0.65222,82.52639,0.0581,0.08839,0.14037
668904,2025,royce lewis,88.96846,142.15524,298,406,25,0,2,0,0,80,89,146.0,379,MIN,,0.23483,0.38522,0.28079,0.66601,0.23475,0.37508,0.28071,0.65579,82.48734,8e-05,0.01014,0.01022
571448,2025,nolan arenado,98.27042,142.85581,353,437,28,3,4,0,0,49,95,151.0,402,STL,3B,0.23632,0.37562,0.28833,0.66395,0.24445,0.35536,0.29581,0.65118,82.39642,-0.00814,0.02026,0.01278
624431,2025,jose trevino,72.43808,101.92229,247,302,15,0,4,1,0,39,67,99.0,282,CIN,C,0.23759,0.35106,0.27243,0.62349,0.25687,0.36143,0.29049,0.65192,82.20907,-0.01928,-0.01036,-0.02843
641584,2025,jake fraley,42.14454,63.7449,141,218,25,1,0,0,0,49,46,73.0,192,ATL,RF,0.23958,0.38021,0.33028,0.71048,0.2195,0.332,0.31259,0.64459,81.93377,0.02008,0.0482,0.06589
571657,2025,kyle farmer,66.22676,99.36635,211,300,17,4,2,0,0,66,63,101.0,277,COL,2B,0.22744,0.36462,0.28,0.64462,0.23909,0.35872,0.29076,0.64948,81.62165,-0.01165,0.0059,-0.00486
693304,2025,nick gonzales,95.83174,137.0858,311,409,21,2,4,0,0,73,99,138.0,382,PIT,2B,0.25916,0.36126,0.29829,0.65955,0.25087,0.35886,0.29054,0.64941,81.58842,0.00829,0.00239,0.01014
665926,2025,andrés giménez,77.21439,111.5136,265,370,25,11,3,1,0,66,69,103.0,330,TOR,2B,0.20909,0.31212,0.28455,0.59667,0.23398,0.33792,0.30681,0.64473,81.56499,-0.02489,-0.0258,-0.04806
500743,2025,miguel rojas,69.24641,97.2626,241,309,23,0,0,3,0,44,75,114.0,283,LAD,2B,0.26502,0.40283,0.32026,0.72309,0.24469,0.34368,0.30146,0.64514,81.29242,0.02033,0.05914,0.07795
570482,2025,gio urshela,45.64412,62.34983,144,197,13,0,1,2,0,40,43,59.0,181,ATH,3B,0.23757,0.32597,0.28718,0.61315,0.25218,0.34447,0.30074,0.64521,81.2596,-0.01461,-0.01851,-0.03207
650489,2025,willi castro,88.75107,134.44924,292,454,40,11,0,1,0,111,91,147.0,402,CHC,LF,0.22637,0.36567,0.31347,0.67914,0.22077,0.33445,0.3085,0.64295,81.24028,0.00559,0.03122,0.03619
666158,2025,gavin lux,105.00219,143.82559,333,505,56,0,1,0,0,114,120,167.0,448,CIN,LF,0.26786,0.37277,0.34851,0.72128,0.23438,0.32104,0.31882,0.63986,81.1918,0.03348,0.05173,0.08143
672284,2025,jarred kelenic,11.95035,23.71262,37,65,5,0,0,0,0,23,10,18.0,60,ATL,RF,0.16667,0.3,0.23077,0.53077,0.19917,0.39521,0.26077,0.65598,81.1429,-0.03251,-0.09521,-0.12522
677587,2025,brayan rocchio,83.36542,119.97503,275,385,22,8,5,4,0,77,80,117.0,346,CLE,SS,0.23121,0.33815,0.28871,0.62686,0.24094,0.34675,0.29755,0.6443,80.80869,-0.00973,-0.0086,-0.01743
691023,2025,jordan walker,79.49075,133.15322,238,396,29,3,1,0,0,126,78,111.0,363,STL,RF,0.21488,0.30579,0.27778,0.58356,0.21898,0.36681,0.28154,0.64836,80.69891,-0.00411,-0.06103,-0.06479
676391,2025,ernie clement,139.6252,191.43432,495,588,27,4,5,7,0,61,151,217.0,545,TOR,3B,0.27706,0.39817,0.31325,0.71142,0.25619,0.35126,0.29368,0.64493,80.6959,0.02087,0.04691,0.06649
545121,2025,ildemaro vargas,29.86777,42.00831,102,121,2,2,1,1,0,15,31,44.0,115,AZ,2B,0.26957,0.38261,0.29167,0.67428,0.25972,0.36529,0.28223,0.64752,80.5398,0.00985,0.01732,0.02675
656577,2025,alex jackson,17.80385,34.87973,54,100,5,4,0,0,0,37,20,43.0,91,BAL,C,0.21978,0.47253,0.29,0.76253,0.19565,0.38329,0.26804,0.65133,80.49481,0.02413,0.08923,0.1112
671286,2025,johnathan rodríguez,16.45502,25.04259,49,77,6,0,0,0,0,22,14,26.0,71,CLE,RF,0.19718,0.3662,0.25974,0.62594,0.23176,0.35271,0.29162,0.64434,80.40496,-0.03458,0.01348,-0.0184
664913,2025,seth brown,12.73954,21.12192,42,76,9,2,0,0,0,23,12,17.0,65,ATH,LF,0.18462,0.26154,0.30263,0.56417,0.19599,0.32495,0.31236,0.63731,80.10994,-0.01138,-0.06341,-0.07314
807713,2025,matt shaw,85.85,134.26654,297,429,38,2,4,0,0,90,88,154.0,385,CHC,3B,0.22857,0.4,0.29837,0.69837,0.22299,0.34874,0.29336,0.6421,79.97084,0.00558,0.05126,0.05627
670231,2025,john rave,33.46496,51.3897,109,175,18,1,1,2,0,46,30,47.0,153,KC,RF,0.19608,0.30719,0.28324,0.59043,0.21873,0.33588,0.30327,0.63915,79.92921,-0.02265,-0.02869,-0.04872
666185,2025,dylan carlson,47.4638,76.59421,164,242,21,2,1,0,0,54,44,73.0,218,BAL,LF,0.20183,0.33486,0.27686,0.61172,0.21772,0.35135,0.29117,0.64252,79.92293,-0.01589,-0.01649,-0.0308
518934,2025,dj lemahieu,31.16221,41.92817,92,144,14,0,0,0,0,35,34,43.0,130,NYY,2B,0.26154,0.33077,0.33333,0.6641,0.23971,0.32252,0.31363,0.63615,79.90912,0.02183,0.00824,0.02795
678225,2025,ji hwan bae,3.18543,6.09667,11,25,5,0,0,0,0,9,1,1.0,20,PIT,CF,0.05,0.05,0.24,0.29,0.15927,0.30483,0.32742,0.63225,79.90395,-0.10927,-0.25483,-0.34225
695681,2025,christian moore,33.99643,56.0877,102,184,19,1,1,1,0,62,32,60.0,162,LAA,2B,0.19753,0.37037,0.28415,0.65452,0.20985,0.34622,0.29506,0.64128,79.88683,-0.01232,0.02415,0.01324
668709,2025,jj bleday,64.45367,107.30816,217,344,36,0,1,0,0,91,65,124.0,307,ATH,CF,0.21173,0.40391,0.2936,0.69751,0.20995,0.34954,0.29202,0.64155,79.74149,0.00178,0.05437,0.05596
656775,2025,cedric mullins,93.8166,148.15376,323,498,50,4,6,3,0,120,94,170.0,435,NYM,CF,0.21609,0.3908,0.29899,0.68979,0.21567,0.34058,0.29862,0.6392,79.6187,0.00042,0.05022,0.05059
673490,2025,ha-seong kim,39.75469,57.36301,134,191,16,2,2,0,0,39,40,59.0,171,ATL,SS,0.23392,0.34503,0.30366,0.64869,0.23248,0.33546,0.30238,0.63784,79.5422,0.00143,0.00957,0.01086
668715,2025,spencer steer,110.8587,175.54646,380,568,51,5,2,1,0,129,121,209.0,509,CIN,1B,0.23772,0.41061,0.31217,0.72278,0.2178,0.34488,0.29428,0.63917,79.30725,0.01992,0.06572,0.08361
682634,2025,kevin alcántara,2.80255,3.4741,7,12,1,0,0,0,0,4,4,4.0,11,CHC,RF,0.36364,0.36364,0.41667,0.7803,0.25478,0.31583,0.31688,0.63271,79.28095,0.10886,0.04781,0.1476
686452,2025,drew millas,12.86225,16.02684,44,56,4,0,0,1,1,7,15,22.0,50,WSH,C,0.3,0.44,0.35185,0.79185,0.25725,0.32054,0.31226,0.6328,78.9819,0.04275,0.11946,0.15905
676609,2025,josé caballero,66.19676,99.16563,222,371,47,3,2,4,0,98,74,109.0,315,NYY,SS,0.23492,0.34603,0.33787,0.68391,0.21015,0.31481,0.31661,0.63142,78.94374,0.02477,0.03122,0.05248
668800,2025,andrew knizner,18.28737,24.49494,69,88,7,2,1,1,0,10,17,23.0,77,SF,C,0.22078,0.2987,0.29885,0.59755,0.2375,0.31812,0.31365,0.63176,78.82108,-0.01672,-0.01941,-0.03421
691723,2025,coby mayo,52.44588,93.05632,178,294,27,4,0,0,0,84,57,102.0,263,BAL,1B,0.21673,0.38783,0.29932,0.68715,0.19941,0.35383,0.28383,0.63766,78.20124,0.01732,0.03401,0.0495
650859,2025,luis rengifo,120.89919,173.99116,399,543,33,3,3,1,0,104,119,168.0,503,LAA,3B,0.23658,0.334,0.28598,0.61997,0.24036,0.34591,0.28948,0.63539,78.03307,-0.00378,-0.01191,-0.01541
669364,2025,xavier edwards,140.04436,178.46988,476,620,49,3,3,3,0,88,159,198.0,562,MIA,SS,0.28292,0.35231,0.34198,0.69429,0.24919,0.31756,0.31126,0.62882,77.92201,0.03373,0.03475,0.06547
680574,2025,matt mclain,107.72184,174.38268,346,577,55,5,4,3,0,167,112,175.0,510,CIN,2B,0.21961,0.34314,0.29965,0.64279,0.21122,0.34193,0.2922,0.63413,77.909,0.00839,0.00121,0.00866
656582,2025,connor joe,16.11929,23.08748,51,80,7,1,2,0,0,20,13,17.0,70,CIN,RF,0.18571,0.24286,0.2625,0.50536,0.23028,0.32982,0.30149,0.63131,77.85959,-0.04456,-0.08696,-0.12596
660757,2025,oscar gonzález,14.35081,21.91508,46,61,2,0,0,0,0,13,13,14.0,59,SD,LF,0.22034,0.23729,0.2459,0.48319,0.24323,0.37144,0.26805,0.63949,77.55362,-0.0229,-0.13415,-0.1563
687551,2025,drew gilbert,23.73194,34.84372,81,110,7,1,1,0,0,20,19,35.0,101,SF,CF,0.18812,0.34653,0.24545,0.59199,0.23497,0.34499,0.28847,0.63346,77.48337,-0.04685,0.00155,-0.04147
671655,2025,george valera,8.48081,12.35243,28,48,7,0,0,0,0,13,9,17.0,41,CLE,RF,0.21951,0.41463,0.33333,0.74797,0.20685,0.30128,0.32252,0.6238,77.46161,0.01266,0.11336,0.12417
677595,2025,ronny mauricio,36.14265,59.03256,112,184,15,1,0,0,0,54,38,62.0,168,NYM,3B,0.22619,0.36905,0.29348,0.66253,0.21513,0.35138,0.28338,0.63477,77.45294,0.01106,0.01766,0.02776
676679,2025,luis vázquez,11.53673,18.14192,36,53,3,0,0,0,0,14,8,12.0,50,BAL,SS,0.16,0.24,0.20755,0.44755,0.23073,0.36284,0.27428,0.63712,77.39999,-0.07073,-0.12284,-0.18957
669398,2025,gage workman,3.33424,6.18951,9,17,1,0,0,0,0,7,3,4.0,16,CWS,3B,0.1875,0.25,0.23529,0.48529,0.20839,0.38684,0.25496,0.6418,77.21335,-0.02089,-0.13684,-0.15651
664774,2025,lamonte wade,43.97258,66.4688,154,242,27,3,1,2,0,58,35,53.0,209,LAA,1B,0.16746,0.25359,0.27083,0.52442,0.2104,0.31803,0.30822,0.62625,77.07272,-0.04293,-0.06444,-0.10183
660844,2025,leo rivas,17.2402,24.41562,66,111,20,1,0,0,0,24,22,30.0,90,SEA,2B,0.24444,0.33333,0.38739,0.72072,0.19156,0.27128,0.34451,0.61579,77.00976,0.05289,0.06205,0.10493
689172,2025,brett wisely,11.00398,18.02144,42,63,7,0,0,2,0,14,10,17.0,54,ATL,2B,0.18519,0.31481,0.27869,0.5935,0.20378,0.33373,0.29515,0.62888,76.81171,-0.01859,-0.01892,-0.03537
696285,2025,jacob young,80.365,102.24758,267,365,27,3,1,9,0,65,75,93.0,325,WSH,CF,0.23077,0.28615,0.29494,0.5811,0.24728,0.31461,0.31001,0.62462,76.79338,-0.01651,-0.02845,-0.04352
687529,2025,grant mccray,4.38118,8.43212,13,26,2,0,1,1,0,11,2,4.0,22,SF,CF,0.09091,0.18182,0.16,0.34182,0.19914,0.38328,0.25525,0.63853,76.4204,-0.10824,-0.20146,-0.29671
664983,2025,jake mccarthy,48.98831,73.3116,170,223,10,2,1,3,0,40,42,71.0,207,AZ,CF,0.2029,0.343,0.24545,0.58845,0.23666,0.35416,0.27722,0.63138,76.18122,-0.03376,-0.01117,-0.04293
681546,2025,james outman,24.05139,51.50969,71,149,12,2,0,0,0,63,18,43.0,135,MIN,CF,0.13333,0.31852,0.21477,0.53328,0.17816,0.38155,0.25538,0.63693,76.03375,-0.04483,-0.06303,-0.10365
518595,2025,travis d'arnaud,44.59413,77.99697,140,231,13,4,1,0,0,74,42,73.0,213,LAA,C,0.19718,0.34272,0.25541,0.59813,0.20936,0.36618,0.26664,0.63282,75.80042,-0.01218,-0.02346,-0.03469
686217,2025,sal frelick,125.15029,167.02015,454,594,47,7,5,3,4,80,152,214.0,528,MIL,RF,0.28788,0.4053,0.35094,0.75624,0.23703,0.31633,0.3052,0.62152,75.68698,0.05085,0.08898,0.13472
686676,2025,korey lee,7.93114,11.6704,29,41,4,0,0,1,0,7,9,15.0,36,CWS,C,0.25,0.41667,0.325,0.74167,0.22031,0.32418,0.29828,0.62246,75.43563,0.02969,0.09249,0.11921
670764,2025,taylor walls,66.63533,93.10541,220,318,26,0,6,3,0,70,62,90.0,283,TB,SS,0.21908,0.31802,0.27937,0.59739,0.23546,0.32899,0.29408,0.62307,75.29595,-0.01638,-0.01097,-0.02569
641680,2025,jonah heim,90.56515,135.25503,312,435,32,1,4,1,0,88,84,131.0,397,TEX,C,0.21159,0.32997,0.26959,0.59956,0.22812,0.34069,0.28471,0.62541,75.22025,-0.01654,-0.01072,-0.02585
665561,2025,rafael marchán,25.44201,32.75158,90,119,10,1,1,1,0,17,22,32.0,106,PHI,C,0.20755,0.30189,0.27966,0.58155,0.24002,0.30898,0.30883,0.61781,75.01827,-0.03247,-0.00709,-0.03626
683083,2025,nasim nuñez,19.35742,28.80058,64,96,8,0,1,1,0,20,19,33.0,86,WSH,SS,0.22093,0.38372,0.28421,0.66793,0.22509,0.33489,0.28797,0.62286,74.81673,-0.00416,0.04883,0.04507
665923,2025,esteury ruiz,4.20355,7.51386,13,23,2,0,0,0,0,8,4,7.0,21,LAD,LF,0.19048,0.33333,0.26087,0.5942,0.20017,0.3578,0.26972,0.62752,74.69872,-0.00969,-0.02447,-0.03332
678009,2025,parker meadows,41.18022,62.74652,135,213,21,0,1,0,0,56,41,63.0,191,DET,CF,0.21466,0.32984,0.29108,0.62092,0.2156,0.32852,0.29193,0.62044,74.49147,-0.00094,0.00133,0.00048
669234,2025,justyn-henry malloy,19.58695,30.47375,74,127,20,1,2,0,0,32,23,32.0,104,DET,RF,0.22115,0.30769,0.34646,0.65415,0.18834,0.29302,0.31958,0.6126,74.47576,0.03282,0.01468,0.04155
691026,2025,masyn winn,114.0315,162.09887,393,538,34,8,2,2,0,102,124,178.0,492,STL,SS,0.25203,0.36179,0.3097,0.67149,0.23177,0.32947,0.2911,0.62057,74.46657,0.02026,0.03232,0.05092
687221,2025,dalton rushing,28.40445,53.38737,86,155,10,1,2,0,0,58,29,46.0,142,LAD,C,0.20423,0.32394,0.25806,0.58201,0.20003,0.37597,0.25422,0.63019,74.27846,0.00419,-0.05202,-0.04818
666023,2025,freddy fermin,76.90996,107.01162,261,349,19,2,0,7,0,66,80,108.0,321,SD,C,0.24922,0.33645,0.29532,0.63177,0.23959,0.33337,0.28629,0.61966,73.90233,0.00963,0.00308,0.01211
701675,2025,nathan church,12.95728,17.6047,41,65,3,3,1,2,0,18,10,14.0,56,STL,LF,0.17857,0.25,0.25397,0.50397,0.23138,0.31437,0.30091,0.61528,73.83678,-0.05281,-0.06437,-0.11131
683090,2025,matthew lugo,16.1209,26.66137,45,70,0,1,0,0,0,24,16,32.0,69,LAA,LF,0.23188,0.46377,0.24286,0.70663,0.23364,0.3864,0.24458,0.63098,73.80165,-0.00175,0.07737,0.07564
621438,2025,tyrone taylor,72.06892,102.45857,240,341,16,9,2,3,1,76,69,99.0,310,NYM,CF,0.22258,0.31935,0.27893,0.59829,0.23248,0.33051,0.28804,0.61855,73.75,-0.0099,-0.01116,-0.02026
456781,2025,donovan solano,40.44255,55.67566,128,180,8,3,2,0,0,40,41,56.0,167,TEX,1B,0.24551,0.33533,0.28889,0.62422,0.24217,0.33339,0.28579,0.61918,73.74934,0.00334,0.00194,0.00504
578428,2025,jose iglesias,72.82806,93.90147,255,343,24,7,2,4,0,56,70,90.0,306,SD,2B,0.22876,0.29412,0.29794,0.59205,0.238,0.30687,0.30628,0.61315,73.68184,-0.00924,-0.01275,-0.02109
656180,2025,riley adams,54.87878,93.48031,152,288,18,5,0,0,0,110,49,81.0,265,WSH,C,0.18491,0.30566,0.25,0.55566,0.20709,0.35276,0.27041,0.62317,73.66568,-0.02218,-0.0471,-0.06751
655316,2025,andruw monasterio,27.64078,44.19706,94,135,7,2,0,0,0,32,34,55.0,126,MIL,SS,0.26984,0.43651,0.31852,0.75503,0.21937,0.35077,0.27141,0.62218,73.491,0.05047,0.08574,0.13284
622268,2025,donovan walton,2.28291,2.65068,8,9,0,0,0,1,0,1,1,1.0,8,PHI,2B,0.125,0.125,0.125,0.25,0.28536,0.33133,0.28536,0.6167,73.1033,-0.16036,-0.20633,-0.3667
691785,2025,marcelo mayer,28.74051,45.11932,87,137,8,0,1,0,0,41,29,51.0,128,BOS,3B,0.22656,0.39844,0.27007,0.66851,0.22454,0.35249,0.26818,0.62067,72.89003,0.00203,0.04594,0.04784
678391,2025,jorbit vivas,12.36751,16.1378,43,66,5,3,0,0,2,13,9,14.0,56,NYY,2B,0.16071,0.25,0.26562,0.51562,0.22085,0.28818,0.31824,0.60642,72.84682,-0.06013,-0.03818,-0.09079
663647,2025,ke'bryan hayes,123.12471,171.96526,411,570,36,5,1,1,0,111,124,161.0,527,CIN,3B,0.23529,0.3055,0.28998,0.59549,0.23363,0.32631,0.28844,0.61475,72.83556,0.00166,-0.02081,-0.01927
669289,2025,santiago espinal,75.5869,94.74464,268,330,21,1,2,3,0,38,73,85.0,303,CIN,3B,0.24092,0.28053,0.29052,0.57105,0.24946,0.31269,0.29843,0.61112,72.63058,-0.00854,-0.03216,-0.04007
676701,2025,alan trejo,9.75173,14.68222,35,43,1,0,1,1,0,7,7,9.0,40,COL,SS,0.175,0.225,0.19048,0.41548,0.24379,0.36706,0.25599,0.62305,72.62879,-0.06879,-0.14206,-0.20757
695336,2025,thomas saggese,63.89195,94.15248,195,295,16,1,2,1,0,83,71,94.0,275,STL,2B,0.25818,0.34182,0.29932,0.64114,0.23233,0.34237,0.27514,0.61752,72.59214,0.02585,-0.00055,0.02362
663743,2025,nick fortes,49.36344,70.32809,174,244,14,7,1,2,0,47,50,76.0,220,TB,C,0.22727,0.34545,0.29339,0.63884,0.22438,0.31967,0.29076,0.61043,71.92359,0.00289,0.02578,0.02841
690987,2025,robert hassell,45.36671,70.10017,134,207,8,1,0,0,0,62,44,62.0,198,WSH,CF,0.22222,0.31313,0.25604,0.56917,0.22912,0.35404,0.26264,0.61668,71.51187,-0.0069,-0.04091,-0.04751
592669,2025,hunter renfroe,21.45368,33.66,79,108,8,0,1,0,0,21,18,24.0,99,KC,RF,0.18182,0.24242,0.24074,0.48316,0.2167,0.34,0.27272,0.61272,71.23164,-0.03489,-0.09758,-0.12955
686765,2025,nick sogard,21.5243,31.25923,72,104,5,3,0,0,0,24,25,33.0,96,BOS,1B,0.26042,0.34375,0.31731,0.66106,0.22421,0.32562,0.28389,0.6095,71.21344,0.03621,0.01813,0.05155
660688,2025,keibert ruiz,64.50779,83.38263,229,267,8,3,1,0,0,26,63,81.0,255,WSH,C,0.24706,0.31765,0.27715,0.5948,0.25297,0.32699,0.2828,0.60979,71.20879,-0.00591,-0.00934,-0.01499
656413,2025,stuart fairchild,10.75562,17.61745,36,55,4,0,0,0,0,15,11,17.0,51,ATL,RF,0.21569,0.33333,0.27273,0.60606,0.21089,0.34544,0.26828,0.61372,71.17137,0.00479,-0.01211,-0.00766
677347,2025,kyren paris,22.88713,45.14093,66,140,10,3,0,0,1,59,24,48.0,126,LAA,2B,0.19048,0.38095,0.26619,0.64714,0.18164,0.35826,0.25818,0.61644,71.14062,0.00883,0.02269,0.0307
681987,2025,nate eaton,18.17712,26.3933,64,90,6,1,1,1,0,19,24,31.0,81,BOS,3B,0.2963,0.38272,0.34831,0.73103,0.22441,0.32584,0.28289,0.60873,70.95188,0.07189,0.05687,0.1223
623993,2025,anthony santander,39.34622,59.87378,134,221,25,1,1,0,0,61,34,57.0,194,TOR,RF,0.17526,0.29381,0.27149,0.56531,0.20282,0.30863,0.29568,0.60431,70.74795,-0.02756,-0.01481,-0.039
592178,2025,kris bryant,8.82367,13.57702,26,41,2,0,0,0,0,13,6,8.0,39,COL,DH,0.15385,0.20513,0.19512,0.40025,0.22625,0.34813,0.26399,0.61212,70.47328,-0.0724,-0.143,-0.21187
668670,2025,jake rogers,25.28554,38.91189,87,143,15,1,2,1,0,39,23,41.0,124,DET,C,0.18548,0.33065,0.27465,0.60529,0.20392,0.31381,0.29074,0.60455,70.46159,-0.01843,0.01684,0.00074
677870,2025,leo jimenez,6.61867,9.57134,22,32,2,0,0,1,0,8,2,5.0,29,TOR,SS,0.06897,0.17241,0.12903,0.30145,0.22823,0.33005,0.27802,0.60807,70.4468,-0.15926,-0.15763,-0.30662
624428,2025,adam frazier,98.52719,132.82398,344,460,26,8,5,1,0,81,112,153.0,420,KC,2B,0.26667,0.36429,0.31808,0.68237,0.23459,0.31625,0.28873,0.60498,70.4275,0.03208,0.04804,0.07739
645305,2025,ali sánchez,5.39664,8.8637,17,23,0,0,0,0,0,6,5,7.0,23,BOS,C,0.21739,0.30435,0.21739,0.52174,0.23464,0.38538,0.23464,0.62001,70.3831,-0.01725,-0.08103,-0.09828
542932,2025,jon berti,22.86396,29.68573,72,100,5,1,0,0,0,21,18,20.0,94,CHC,3B,0.19149,0.21277,0.24,0.45277,0.24323,0.31581,0.28864,0.60445,70.28889,-0.05174,-0.10304,-0.15168
643289,2025,mauricio dubón,88.80849,116.53818,330,398,24,1,1,3,0,42,89,131.0,369,HOU,2B,0.24119,0.35501,0.28861,0.64362,0.24067,0.31582,0.28812,0.60394,70.12838,0.00052,0.03919,0.03968
642731,2025,thairo estrada,37.22218,51.40296,130,165,6,2,3,0,0,26,39,57.0,154,COL,2B,0.25325,0.37013,0.28485,0.65498,0.2417,0.33379,0.27407,0.60786,70.11921,0.01154,0.03634,0.04712
678554,2025,curtis mead,51.88503,78.35219,176,266,15,8,1,0,0,63,56,77.0,242,CWS,1B,0.2314,0.31818,0.29699,0.61517,0.2144,0.32377,0.28152,0.60529,70.002,0.017,-0.00559,0.00988
676439,2025,hunter feduccia,17.8148,25.59602,61,106,15,0,2,0,0,29,13,18.0,89,TB,C,0.14607,0.20225,0.26415,0.4664,0.20017,0.2876,0.30957,0.59717,69.94427,-0.0541,-0.08535,-0.13077
543877,2025,christian vázquez,42.01807,58.41934,157,216,18,4,2,0,0,35,36,52.0,192,MIN,C,0.1875,0.27083,0.26852,0.53935,0.21884,0.30427,0.29638,0.60065,69.88638,-0.03134,-0.03343,-0.0613
623168,2025,tyler heineman,33.20719,43.80942,125,174,12,6,2,5,0,31,43,62.0,149,TOR,C,0.28859,0.41611,0.36095,0.77705,0.22287,0.29402,0.303,0.59702,69.44904,0.06572,0.12208,0.18003
682729,2025,jonatan clase,20.54961,32.45283,72,113,10,1,0,1,0,28,21,30.0,101,TOR,LF,0.20792,0.29703,0.28571,0.58274,0.20346,0.32132,0.28169,0.60301,69.44665,0.00446,-0.02429,-0.02026
665828,2025,oswaldo cabrera,24.52621,30.46329,84,122,11,2,1,1,0,25,26,33.0,107,NYY,3B,0.24299,0.30841,0.32231,0.63073,0.22922,0.2847,0.31013,0.59484,69.4043,0.01377,0.02371,0.03589
677956,2025,rece hinds,8.95296,17.5177,22,45,1,0,0,0,0,21,5,12.0,44,CIN,RF,0.11364,0.27273,0.13333,0.40606,0.20348,0.39813,0.22118,0.61931,69.26685,-0.08984,-0.1254,-0.21325
669003,2025,garrett mitchell,14.06576,21.32879,45,78,7,1,1,1,0,25,14,20.0,68,MIL,CF,0.20588,0.29412,0.28571,0.57983,0.20685,0.31366,0.28657,0.60023,69.09653,-0.00097,-0.01954,-0.0204
680862,2025,willie maciver,22.6552,32.07919,75,111,7,2,0,0,0,27,19,33.0,102,ATH,C,0.18627,0.32353,0.25225,0.57578,0.22211,0.3145,0.28518,0.59968,68.86477,-0.03584,0.00903,-0.0239
691777,2025,max muncy,42.77214,73.14041,138,220,10,3,1,0,0,68,44,78.0,206,ATH,3B,0.21359,0.37864,0.25909,0.63773,0.20763,0.35505,0.25351,0.60856,68.85667,0.00596,0.02359,0.02917
682988,2025,tyler locklear,19.98818,32.40579,60,116,10,3,0,0,0,43,18,27.0,103,AZ,1B,0.17476,0.26214,0.26724,0.52938,0.19406,0.31462,0.28438,0.599,68.63899,-0.0193,-0.05248,-0.06962
687363,2025,victor scott,84.79829,116.23206,298,463,42,10,3,10,0,111,86,118.0,398,STL,CF,0.21608,0.29648,0.30464,0.60112,0.21306,0.29204,0.30198,0.59402,68.63263,0.00302,0.00444,0.00709
595879,2025,javier báez,94.93358,145.93846,311,436,10,6,3,0,1,108,107,166.0,416,DET,CF,0.25721,0.39904,0.28276,0.6818,0.22821,0.35081,0.25502,0.60583,68.2849,0.02901,0.04822,0.07596
640902,2025,jhonny pereda,15.00723,20.33348,49,78,8,0,0,1,0,21,17,23.0,69,MIN,C,0.24638,0.33333,0.32468,0.65801,0.2175,0.29469,0.2988,0.59348,68.27582,0.02888,0.03865,0.06453
677950,2025,alek thomas,95.37542,148.05129,319,470,21,5,4,6,0,122,108,160.0,434,AZ,CF,0.24885,0.36866,0.28879,0.65746,0.21976,0.34113,0.26158,0.60272,67.96955,0.02909,0.02753,0.05474
595978,2025,austin hedges,31.46703,47.81978,117,180,18,1,2,4,0,43,25,43.0,155,CLE,C,0.16129,0.27742,0.25,0.52742,0.20301,0.30851,0.28674,0.59526,67.87498,-0.04172,-0.0311,-0.06784
650968,2025,yohel pozo,37.55097,53.72823,137,168,7,0,1,0,0,22,37,60.0,160,STL,C,0.23125,0.375,0.2619,0.6369,0.23469,0.3358,0.26518,0.60099,67.79105,-0.00344,0.0392,0.03592
527038,2025,wilmer flores,90.10441,131.93723,334,465,34,7,3,0,0,88,101,159.0,421,SF,1B,0.2399,0.37767,0.30538,0.68305,0.21402,0.31339,0.28194,0.59534,67.55852,0.02588,0.06428,0.08771
686681,2025,michael massey,62.25052,88.79329,224,277,9,1,4,1,0,43,64,82.0,262,KC,2B,0.24427,0.31298,0.26812,0.58109,0.2376,0.33891,0.26178,0.60068,67.47781,0.00668,-0.02593,-0.01959
668942,2025,josh rojas,41.41623,57.76884,141,211,19,0,2,1,0,48,34,49.0,189,CWS,3B,0.17989,0.25926,0.25238,0.51164,0.21913,0.30566,0.2877,0.59335,67.46769,-0.03924,-0.0464,-0.08171
665953,2025,andrés chaparro,13.46411,22.58008,45,74,5,1,1,0,0,22,12,17.0,67,WSH,1B,0.1791,0.25373,0.24324,0.49697,0.20096,0.33702,0.26303,0.60004,67.40666,-0.02185,-0.08328,-0.10307
672275,2025,patrick bailey,87.65389,135.05581,285,453,30,3,6,4,0,133,91,133.0,410,SF,C,0.22195,0.32439,0.27617,0.60056,0.21379,0.3294,0.26872,0.59812,67.3264,0.00816,-0.00501,0.00244
690976,2025,alex freeland,15.74355,25.45116,50,97,11,1,0,1,0,35,16,26.0,84,LAD,SS,0.19048,0.30952,0.29167,0.60119,0.18742,0.30299,0.289,0.59199,67.2191,0.00305,0.00653,0.00921
666211,2025,taylor trammell,22.5828,34.81599,77,135,17,0,1,0,0,41,23,39.0,117,HOU,LF,0.19658,0.33333,0.2963,0.62963,0.19302,0.29757,0.29321,0.59078,67.21354,0.00357,0.03576,0.03885
668731,2025,akil baddoo,4.18488,5.15992,12,18,1,0,0,0,0,5,2,3.0,17,DET,LF,0.11765,0.17647,0.16667,0.34314,0.24617,0.30352,0.28805,0.59157,67.05077,-0.12852,-0.12705,-0.24844
669911,2025,michael toglia,59.2398,103.71462,173,338,28,1,2,0,0,132,58,108.0,307,COL,1B,0.18893,0.35179,0.2574,0.60919,0.19296,0.33783,0.26106,0.5989,66.98448,-0.00404,0.01396,0.01029
802415,2025,chandler simpson,107.03979,123.74512,374,441,20,0,2,3,2,43,122,143.0,414,TB,LF,0.29469,0.34541,0.32569,0.6711,0.25855,0.2989,0.29138,0.59028,66.9611,0.03614,0.04651,0.08082
645444,2025,josé herrera,35.60336,45.83845,133,204,23,1,3,11,0,47,31,43.0,166,AZ,C,0.18675,0.25904,0.28497,0.54401,0.21448,0.27614,0.30883,0.58496,66.85988,-0.02773,-0.0171,-0.04095
690924,2025,braxton fulford,22.16777,36.20113,75,120,7,2,3,0,0,36,23,35.0,108,COL,C,0.21296,0.32407,0.26667,0.59074,0.20526,0.3352,0.25973,0.59493,65.9053,0.00771,-0.01112,-0.00419
643396,2025,isiah kiner-falefa,106.46802,132.14782,360,460,17,5,1,5,0,77,113,144.0,432,TOR,SS,0.26157,0.33333,0.2967,0.63004,0.24645,0.3059,0.28235,0.58825,65.82571,0.01512,0.02744,0.04179
680737,2025,michael helman,20.18546,32.65372,81,110,7,1,0,3,0,21,23,45.0,99,TEX,CF,0.23232,0.45455,0.28972,0.74427,0.20389,0.32984,0.26342,0.59325,65.74645,0.02843,0.12471,0.15101
663968,2025,jake mangum,96.94953,127.57048,335,429,19,2,1,1,0,64,120,149.0,406,TB,LF,0.29557,0.367,0.32944,0.69643,0.23879,0.31421,0.27558,0.5898,65.73835,0.05677,0.05278,0.10664
676116,2025,ryan noda,6.7905,13.40728,23,60,11,0,0,1,0,25,5,8.0,48,BAL,1B,0.10417,0.16667,0.27119,0.43785,0.14147,0.27932,0.30153,0.58085,65.33003,-0.0373,-0.11265,-0.143
664728,2025,kyle isbel,86.98269,111.2998,309,409,23,2,3,13,0,74,94,130.0,368,KC,CF,0.25543,0.35326,0.30051,0.65377,0.23637,0.30245,0.28278,0.58523,65.10734,0.01907,0.05082,0.06854
691781,2025,brady house,60.67047,89.60827,187,274,8,0,5,0,0,78,61,84.0,261,WSH,3B,0.23372,0.32184,0.25182,0.57366,0.23245,0.34333,0.25062,0.59395,65.02596,0.00126,-0.02149,-0.02028
624512,2025,reese mcguire,30.10789,46.44941,108,140,4,0,2,1,0,27,30,59.0,133,CHC,C,0.22556,0.44361,0.2446,0.68821,0.22638,0.34924,0.24538,0.59462,64.8275,-0.00081,0.09437,0.09359
680728,2025,adrian del castillo,24.51151,40.88423,75,132,8,1,2,0,0,47,29,47.0,121,AZ,C,0.23967,0.38843,0.28788,0.67631,0.20257,0.33789,0.25388,0.59176,64.70988,0.03709,0.05054,0.08455
686780,2025,pedro pagés,76.57415,121.26709,257,389,19,3,3,3,0,107,83,131.0,361,STL,C,0.22992,0.36288,0.27202,0.6349,0.21212,0.33592,0.25537,0.59129,64.69836,0.0178,0.02696,0.04361
553869,2025,elías díaz,51.15077,81.00159,184,282,21,2,0,5,0,73,52,86.0,254,SD,C,0.20472,0.33858,0.27076,0.60934,0.20138,0.3189,0.26769,0.5866,64.39237,0.00334,0.01968,0.02274
687401,2025,joey ortiz,108.52251,142.93126,399,508,27,3,0,6,0,74,108,149.0,472,MIL,SS,0.22881,0.31568,0.2749,0.59058,0.22992,0.30282,0.27594,0.57876,63.02283,-0.00111,0.01286,0.01182
682657,2025,angel martínez,98.56964,140.01062,345,484,23,6,4,5,0,110,100,160.0,446,CLE,CF,0.22422,0.35874,0.26931,0.62806,0.22101,0.31393,0.26632,0.58025,62.72068,0.00321,0.04482,0.04781
679032,2025,johan rojas,34.39522,44.55919,119,172,13,0,3,4,0,40,34,44.0,152,PHI,CF,0.22368,0.28947,0.27976,0.56924,0.22628,0.29315,0.28211,0.57527,62.58611,-0.0026,-0.00368,-0.00603
660644,2025,vidal bruján,19.16792,26.18557,67,95,6,1,1,0,0,21,22,27.0,87,ATL,3B,0.25287,0.31034,0.30526,0.61561,0.22032,0.30098,0.27545,0.57644,62.41082,0.03255,0.00936,0.03917
670032,2025,nicky lopez,4.98163,5.82531,20,28,4,0,0,0,0,4,1,1.0,24,CHC,3B,0.04167,0.04167,0.17857,0.22024,0.20757,0.24272,0.32077,0.56349,62.36272,-0.1659,-0.20105,-0.34326
657557,2025,paul dejong,38.47238,66.79218,126,209,11,1,3,0,0,70,44,72.0,194,WSH,3B,0.2268,0.37113,0.26794,0.63908,0.19831,0.34429,0.24149,0.58578,62.36047,0.02849,0.02684,0.05329
810938,2025,ben williamson,63.54266,84.671,213,295,15,1,0,2,0,64,70,86.0,277,SEA,3B,0.25271,0.31047,0.29352,0.60398,0.2294,0.30567,0.27148,0.57715,62.31016,0.02331,0.0048,0.02684
676466,2025,jack winkler,3.67988,5.71815,12,16,0,0,0,0,0,4,4,6.0,16,MIA,2B,0.25,0.375,0.25,0.625,0.22999,0.35738,0.22999,0.58738,61.95249,0.02001,0.01762,0.03762
656896,2025,emmanuel rivera,27.81193,35.77669,96,127,6,1,0,0,0,24,30,34.0,120,BAL,3B,0.25,0.28333,0.29134,0.57467,0.23177,0.29814,0.27411,0.57225,61.27727,0.01823,-0.01481,0.00242
592192,2025,mark canha,24.20291,34.3757,91,126,7,3,2,0,0,24,24,30.0,114,KC,LF,0.21053,0.26316,0.26984,0.533,0.21231,0.30154,0.27145,0.57299,61.27639,-0.00178,-0.03838,-0.03999
664238,2025,dylan moore,41.64292,69.6097,140,243,20,1,3,0,0,82,44,82.0,219,TEX,2B,0.20091,0.37443,0.26749,0.64192,0.19015,0.31785,0.25779,0.57564,60.97998,0.01076,0.05658,0.06628
657136,2025,connor wong,35.491,48.36579,128,188,16,1,2,1,0,42,32,40.0,168,BOS,C,0.19048,0.2381,0.26203,0.50013,0.21126,0.28789,0.2807,0.56859,60.82954,-0.02078,-0.0498,-0.06846
455117,2025,martín maldonado,30.00777,49.63526,96,162,8,0,0,6,0,57,30,48.0,148,SD,C,0.2027,0.32432,0.24359,0.56791,0.20276,0.33537,0.24364,0.57901,60.82856,-5e-05,-0.01105,-0.0111
665155,2025,nick maton,8.40462,15.82954,35,63,9,0,0,0,0,19,9,17.0,54,CWS,1B,0.16667,0.31481,0.28571,0.60053,0.15564,0.29314,0.27626,0.5694,60.72107,0.01103,0.02168,0.03113
695391,2025,brett harris,15.04285,20.12819,54,84,7,2,1,1,0,21,20,25.0,73,ATH,3B,0.27397,0.34247,0.3494,0.69186,0.20607,0.27573,0.28967,0.5654,60.6639,0.06791,0.06674,0.12646
689041,2025,rhylan thomas,1.949,2.15121,9,10,1,0,1,0,0,0,1,2.0,8,SEA,LF,0.125,0.25,0.2,0.45,0.24362,0.2689,0.2949,0.5638,60.63164,-0.11862,-0.0189,-0.1138
682653,2025,warming bernabel,31.76742,42.59101,114,146,7,0,0,0,0,25,35,57.0,139,COL,3B,0.2518,0.41007,0.28767,0.69774,0.22854,0.30641,0.26553,0.57194,60.60132,0.02326,0.10366,0.1258
691720,2025,kyle karros,29.00526,36.66956,97,156,15,2,2,0,0,41,31,38.0,137,COL,3B,0.22628,0.27737,0.30769,0.58506,0.21172,0.26766,0.29491,0.56257,60.32538,0.01456,0.00971,0.0225
682668,2025,luisangel acuña,38.838,49.45672,138,193,13,2,1,2,0,37,41,48.0,175,NYM,2B,0.23429,0.27429,0.29319,0.56748,0.22193,0.28261,0.28187,0.56448,59.89127,0.01235,-0.00832,0.003
663368,2025,blake perkins,31.52661,44.47759,107,171,15,1,0,0,0,47,35,54.0,155,MIL,CF,0.22581,0.34839,0.29825,0.64663,0.2034,0.28695,0.27793,0.56489,59.71564,0.02241,0.06143,0.08175
681508,2025,mickey gasper,18.59435,25.74549,77,110,10,3,1,1,0,20,15,22.0,95,MIN,2B,0.15789,0.23158,0.25688,0.48846,0.19573,0.27101,0.28986,0.56086,59.54917,-0.03784,-0.03943,-0.0724
605361,2025,nick martini,21.90978,29.04483,83,111,9,0,0,0,0,18,23,30.0,102,COL,RF,0.22549,0.29412,0.28829,0.58241,0.2148,0.28475,0.27847,0.56322,59.33912,0.01069,0.00936,0.01919
670224,2025,kameron misner,39.6545,60.16282,131,217,16,1,2,1,0,69,42,68.0,197,TB,CF,0.2132,0.34518,0.27315,0.61833,0.20129,0.3054,0.26229,0.56768,59.31785,0.01191,0.03978,0.05064
621035,2025,chris taylor,21.85361,34.40069,72,125,5,6,1,0,0,42,21,34.0,113,LAA,CF,0.18584,0.30088,0.256,0.55688,0.19339,0.30443,0.26283,0.56726,59.25008,-0.00755,-0.00355,-0.01037
676070,2025,jacob amaya,15.84008,20.12035,54,73,3,0,3,1,0,16,7,8.0,66,CWS,SS,0.10606,0.12121,0.13889,0.2601,0.24,0.30485,0.26167,0.56652,58.98562,-0.13394,-0.18364,-0.30642
663584,2025,hayden senger,14.87132,23.34613,52,78,3,1,1,1,0,22,13,14.0,72,NYM,C,0.18056,0.19444,0.22078,0.41522,0.20655,0.32425,0.24508,0.56933,58.52538,-0.02599,-0.12981,-0.15411
692585,2025,yanquiel fernández,28.30574,44.28352,94,147,8,0,1,0,0,44,31,48.0,138,COL,RF,0.22464,0.34783,0.26531,0.61313,0.20511,0.3209,0.24698,0.56787,58.29497,0.01952,0.02693,0.04526
666152,2025,david hamilton,36.52971,53.68394,133,196,13,1,0,3,0,47,35,59.0,179,BOS,2B,0.19553,0.32961,0.25389,0.58349,0.20408,0.29991,0.26181,0.56172,57.8037,-0.00855,0.0297,0.02177
670092,2025,trenton brooks,9.0118,13.21715,28,44,2,0,0,0,0,13,6,11.0,42,SD,LF,0.14286,0.2619,0.18182,0.44372,0.21457,0.31469,0.25027,0.56496,57.80192,-0.07171,-0.05279,-0.12124
668952,2025,ryan kreidler,7.55412,10.74878,21,44,4,0,0,2,0,19,4,4.0,38,DET,CF,0.10526,0.10526,0.19048,0.29574,0.19879,0.28286,0.2751,0.55796,57.79764,-0.09353,-0.1776,-0.26222
682848,2025,endy rodríguez,10.43988,15.45195,37,58,5,0,0,0,0,14,9,13.0,53,PIT,1B,0.16981,0.24528,0.24138,0.48666,0.19698,0.29155,0.2662,0.55775,57.12428,-0.02717,-0.04626,-0.07109
672724,2025,oswald peraza,48.92389,73.45026,164,265,17,2,1,0,1,80,40,61.0,244,LAA,3B,0.16393,0.25,0.22348,0.47348,0.20051,0.30103,0.25729,0.55831,56.6409,-0.03657,-0.05103,-0.08483
689200,2025,jacob melton,13.90291,20.36748,41,79,6,1,0,0,1,29,11,13.0,71,HOU,LF,0.15493,0.1831,0.23077,0.41387,0.19582,0.28687,0.26799,0.55485,56.52868,-0.04089,-0.10377,-0.14098
642180,2025,tyler wade,21.36591,25.77978,80,127,15,1,0,4,0,31,22,27.0,107,SD,CF,0.20561,0.25234,0.30894,0.56128,0.19968,0.24093,0.30379,0.54472,56.51353,0.00593,0.0114,0.01656
600869,2025,jeimer candelario,14.981,23.92607,53,92,9,0,2,0,0,29,9,17.0,81,CIN,3B,0.11111,0.20988,0.19565,0.40553,0.18495,0.29538,0.26066,0.55605,56.31377,-0.07384,-0.08551,-0.15052
663604,2025,brandon lockridge,29.25048,38.8816,103,148,8,1,2,3,0,36,31,40.0,134,MIL,LF,0.23134,0.29851,0.27586,0.57437,0.21829,0.29016,0.2638,0.55396,56.01385,0.01306,0.00835,0.02041
694377,2025,nick yorke,15.53301,20.3941,53,72,3,0,0,0,0,15,16,22.0,69,PIT,2B,0.23188,0.31884,0.26389,0.58273,0.22512,0.29557,0.2574,0.55297,55.3218,0.00677,0.02327,0.02976
671221,2025,drew waters,43.52085,60.65765,144,219,11,2,0,0,0,60,50,65.0,206,KC,LF,0.24272,0.31553,0.28767,0.60321,0.21127,0.29445,0.25809,0.55254,55.263,0.03145,0.02108,0.05066
678894,2025,liover peguero,15.15586,22.94807,55,88,6,2,0,0,0,25,16,29.0,80,PIT,SS,0.2,0.3625,0.27273,0.63523,0.18945,0.28685,0.26313,0.54999,54.98113,0.01055,0.07565,0.08524
677592,2025,everson pereira,11.22398,19.73866,38,73,7,0,1,0,0,28,9,16.0,65,TB,CF,0.13846,0.24615,0.21918,0.46533,0.17268,0.30367,0.24964,0.55332,54.86556,-0.03422,-0.05752,-0.08798
663662,2025,daz cameron,8.38746,13.75783,28,42,1,0,0,0,0,13,8,12.0,41,MIL,RF,0.19512,0.29268,0.21429,0.50697,0.20457,0.33556,0.22351,0.55907,54.46864,-0.00945,-0.04287,-0.0521
666165,2025,blake sabol,3.55038,4.75784,10,18,1,0,1,0,0,7,2,3.0,16,BOS,C,0.125,0.1875,0.16667,0.35417,0.2219,0.29737,0.2528,0.55016,54.30326,-0.0969,-0.10987,-0.196
681962,2025,vinny capra,21.44533,28.95554,74,105,3,1,2,3,0,25,12,17.0,96,CWS,3B,0.125,0.17708,0.15686,0.33395,0.22339,0.30162,0.24946,0.55108,54.2989,-0.09839,-0.12454,-0.21714
690291,2025,jace jung,8.5423,11.08164,31,55,7,1,0,0,0,16,5,5.0,47,DET,3B,0.10638,0.10638,0.23636,0.34275,0.18175,0.23578,0.30077,0.53655,54.27305,-0.07537,-0.1294,-0.1938
699625,2025,jimmy crooks,8.88494,15.54832,28,46,0,1,0,0,0,17,6,11.0,45,STL,C,0.13333,0.24444,0.15217,0.39662,0.19744,0.34552,0.21489,0.56041,54.19928,-0.06411,-0.10107,-0.16379
691182,2025,adael amador,22.47022,30.18644,88,128,11,1,0,3,0,27,20,30.0,113,COL,2B,0.17699,0.26549,0.256,0.52149,0.19885,0.26714,0.27576,0.5429,54.10304,-0.02186,-0.00165,-0.02141
808975,2025,hyeseong kim,34.47572,48.04368,110,170,7,1,0,1,0,52,45,62.0,161,LAD,2B,0.2795,0.38509,0.31361,0.6987,0.21413,0.29841,0.25134,0.54974,54.0967,0.06537,0.08669,0.14896
670223,2025,matt mervis,20.51521,35.76661,71,134,11,2,1,0,0,50,21,46.0,120,MIA,1B,0.175,0.38333,0.25373,0.63706,0.17096,0.29806,0.25011,0.54817,53.62016,0.00404,0.08528,0.0889
686554,2025,oliver dunn,8.23393,10.12344,28,41,2,0,1,2,0,11,6,8.0,36,MIL,3B,0.16667,0.22222,0.20513,0.42735,0.22872,0.28121,0.26241,0.54362,53.34821,-0.06205,-0.05898,-0.11626
672016,2025,denzel clarke,28.55356,46.00681,89,159,6,3,0,2,0,61,34,55.0,148,ATH,CF,0.22973,0.37162,0.27389,0.64551,0.19293,0.31086,0.23919,0.55005,53.32498,0.0368,0.06076,0.09546
700242,2025,trey sweeney,57.72505,85.56883,206,327,26,0,4,0,0,93,58,86.0,297,DET,SS,0.19529,0.28956,0.25688,0.54644,0.19436,0.28811,0.25604,0.54415,53.0362,0.00093,0.00145,0.00229
542963,2025,rob brantly,1.75012,2.06988,6,7,0,0,0,0,0,1,3,3.0,7,MIA,C,0.42857,0.42857,0.42857,0.85714,0.25002,0.2957,0.25002,0.54571,53.00395,0.17855,0.13287,0.31143
683227,2025,cody freeman,25.03396,33.46559,95,121,5,0,1,1,0,19,26,39.0,114,TEX,3B,0.22807,0.34211,0.25833,0.60044,0.2196,0.29356,0.25028,0.54384,52.55712,0.00847,0.04855,0.0566
645302,2025,víctor robles,22.46077,31.13526,82,114,3,3,2,0,0,26,26,35.0,106,SEA,RF,0.24528,0.33019,0.2807,0.61089,0.21189,0.29373,0.24966,0.54338,52.40004,0.03339,0.03646,0.06751
691783,2025,jordan lawlar,11.98203,18.55477,41,74,6,1,1,0,0,26,12,19.0,66,AZ,SS,0.18182,0.28788,0.25676,0.54464,0.18155,0.28113,0.25651,0.53765,51.45402,0.00027,0.00675,0.00699
700246,2025,carson williams,18.30471,31.52017,56,107,6,0,0,1,0,44,17,35.0,100,TB,SS,0.17,0.35,0.21698,0.56698,0.18305,0.3152,0.22929,0.54449,51.25206,-0.01305,0.0348,0.02249
671083,2025,buddy kennedy,5.54465,7.69489,21,32,2,1,0,0,0,8,2,3.0,29,LAD,1B,0.06897,0.10345,0.15625,0.2597,0.19119,0.26534,0.26702,0.53236,50.87529,-0.12223,-0.16189,-0.27266
607680,2025,kevin pillar,10.0038,13.21231,35,43,0,0,0,0,0,8,9,11.0,43,TEX,CF,0.2093,0.25581,0.2093,0.46512,0.23265,0.30726,0.23265,0.53991,50.34855,-0.02334,-0.05145,-0.07479
690022,2025,ryan ritter,38.67091,49.70713,130,207,10,5,1,4,0,61,45,63.0,187,COL,SS,0.24064,0.3369,0.29557,0.63246,0.2068,0.26581,0.26439,0.5302,50.1552,0.03385,0.07108,0.10226
667452,2025,corey julks,2.58262,4.18947,10,13,0,0,1,0,0,3,3,5.0,12,CWS,LF,0.25,0.41667,0.23077,0.64744,0.21522,0.34912,0.19866,0.54779,49.93071,0.03478,0.06754,0.09965
685301,2025,matt gorski,7.46773,14.15024,25,42,1,0,0,0,0,16,8,16.0,41,PIT,1B,0.19512,0.39024,0.21429,0.60453,0.18214,0.34513,0.20161,0.54674,49.87707,0.01298,0.04512,0.05779
663897,2025,luke williams,6.53679,8.73033,22,34,1,1,1,0,0,9,4,6.0,31,ATL,SS,0.12903,0.19355,0.17647,0.37002,0.21086,0.28162,0.25108,0.53271,49.84733,-0.08183,-0.08808,-0.16269
650559,2025,bryan de la cruz,9.25333,13.59779,29,50,3,0,0,0,0,18,9,10.0,47,ATL,LF,0.19149,0.21277,0.24,0.45277,0.19688,0.28931,0.24507,0.53438,49.8432,-0.00539,-0.07655,-0.08162
805373,2025,nacho alvarez,37.79452,50.3568,142,210,12,5,1,2,0,49,44,62.0,190,ATL,SS,0.23158,0.32632,0.29327,0.61959,0.19892,0.26504,0.26344,0.52847,49.6586,0.03266,0.06128,0.09111
606992,2025,eric haase,11.93299,20.94839,40,77,4,2,0,1,0,31,16,25.0,70,MIL,C,0.22857,0.35714,0.28947,0.64662,0.17047,0.29926,0.23596,0.53522,49.41616,0.0581,0.05788,0.11139
621028,2025,kevin newman,26.36632,34.29493,92,117,1,0,0,1,0,23,23,31.0,115,LAA,3B,0.2,0.26957,0.2069,0.47646,0.22927,0.29822,0.23592,0.53413,49.14241,-0.02927,-0.02865,-0.05767
671284,2025,tim elko,10.93155,21.78328,37,73,5,0,0,0,0,30,9,22.0,68,CWS,1B,0.13235,0.32353,0.19178,0.51531,0.16076,0.32034,0.21824,0.53858,49.0126,-0.02841,0.00319,-0.02327
669722,2025,logan davidson,7.9099,12.72441,22,48,3,0,0,2,0,23,7,12.0,43,LAA,1B,0.16279,0.27907,0.21739,0.49646,0.18395,0.29592,0.23717,0.53309,48.97054,-0.02116,-0.01685,-0.03663
687957,2025,dustin harris,7.66792,11.16732,27,43,3,0,0,0,0,13,8,14.0,40,TEX,LF,0.2,0.35,0.25581,0.60581,0.1917,0.27918,0.24809,0.52727,48.28939,0.0083,0.07082,0.07854
669194,2025,ryne nelson,0.2601,0.262,1,1,0,0,0,0,0,0,1,1.0,1,AZ,P,1.0,1.0,1.0,2.0,0.2601,0.262,0.2601,0.52209,47.84108,0.7399,0.738,1.47791
665750,2025,leody taveras,34.822,52.36999,125,180,5,0,1,3,0,50,35,52.0,171,SEA,CF,0.20468,0.30409,0.22599,0.53008,0.20364,0.30626,0.22498,0.53124,47.66005,0.00104,-0.00216,-0.00116
678877,2025,jhonkensy noel,29.07698,46.97967,97,153,4,0,1,0,0,52,24,44.0,148,CLE,RF,0.16216,0.2973,0.18301,0.4803,0.19647,0.31743,0.21619,0.53362,47.63667,-0.0343,-0.02013,-0.05332
665861,2025,sebastián rivero,6.78489,9.89011,24,34,1,0,0,0,0,9,6,8.0,33,LAA,C,0.18182,0.24242,0.20588,0.44831,0.2056,0.2997,0.22897,0.52867,47.29945,-0.02378,-0.05728,-0.08036
657041,2025,lane thomas,20.94485,33.3551,83,142,14,1,2,0,0,44,20,34.0,125,CLE,CF,0.16,0.272,0.24648,0.51848,0.16756,0.26684,0.25313,0.51997,46.82837,-0.00756,0.00516,-0.00149
669397,2025,nick allen,75.31239,91.48248,282,416,31,3,3,8,0,99,82,93.0,371,ATL,SS,0.22102,0.25067,0.28431,0.53499,0.203,0.24658,0.26792,0.51451,46.50366,0.01803,0.00409,0.02048
666163,2025,ben rortvedt,21.45971,27.05597,91,129,11,2,0,3,0,23,17,23.0,113,LAD,C,0.15044,0.20354,0.2381,0.44164,0.18991,0.23943,0.27349,0.51292,46.49947,-0.03947,-0.03589,-0.07129
663731,2025,connor kaiser,3.36932,5.30896,13,19,1,0,0,0,0,5,2,3.0,18,AZ,SS,0.11111,0.16667,0.15789,0.32456,0.18718,0.29494,0.22996,0.52491,46.43498,-0.07607,-0.12828,-0.20035
666149,2025,tyler fitzgerald,40.70982,57.81842,154,243,17,2,1,6,0,70,47,71.0,217,SF,2B,0.21659,0.32719,0.27848,0.60567,0.1876,0.26644,0.25194,0.51838,46.35039,0.02899,0.06074,0.08729
670097,2025,zack short,8.8528,13.27438,33,56,4,1,0,1,0,18,11,19.0,50,HOU,3B,0.22,0.38,0.29091,0.67091,0.17706,0.26549,0.25187,0.51736,46.09015,0.04294,0.11451,0.15355
622569,2025,pablo reyes,6.26726,8.24466,21,34,2,0,0,1,0,10,6,7.0,31,NYY,RF,0.19355,0.22581,0.24242,0.46823,0.20217,0.26596,0.25052,0.51648,45.77837,-0.00862,-0.04015,-0.04825
690984,2025,petey halpin,0.76349,0.86358,4,8,2,0,0,0,0,2,2,2.0,6,CLE,CF,0.33333,0.33333,0.5,0.83333,0.12725,0.14393,0.34544,0.48937,45.6748,0.20609,0.1894,0.34397
669087,2025,sam huff,9.51565,15.25627,29,58,4,0,1,0,0,25,11,18.0,53,SF,C,0.20755,0.33962,0.25862,0.59824,0.17954,0.28785,0.23303,0.52088,45.64963,0.02801,0.05177,0.07736
669392,2025,samad taylor,1.82404,2.35168,8,9,0,0,0,1,0,1,1,1.0,8,SEA,2B,0.125,0.125,0.125,0.25,0.228,0.29396,0.228,0.52196,45.56744,-0.103,-0.16896,-0.27196
669717,2025,will wilson,13.82864,20.31234,49,91,7,1,0,5,0,34,15,19.0,78,CLE,3B,0.19231,0.24359,0.26744,0.51103,0.17729,0.26041,0.25382,0.51424,45.45145,0.01502,-0.01682,-0.0032
680869,2025,zack gelof,15.09765,27.65332,48,101,7,0,1,1,0,46,16,25.0,92,ATH,2B,0.17391,0.27174,0.23,0.50174,0.1641,0.30058,0.22098,0.52156,44.97492,0.00981,-0.02884,-0.01982
606115,2025,orlando arcia,41.01343,56.32918,155,214,10,0,1,0,0,47,41,59.0,203,COL,SS,0.20197,0.29064,0.23832,0.52896,0.20204,0.27748,0.23838,0.51586,44.77712,-7e-05,0.01316,0.01309
677649,2025,ezequiel duran,40.97981,55.57418,152,219,8,4,1,1,0,55,46,60.0,205,TEX,SS,0.22439,0.29268,0.26606,0.55874,0.1999,0.27109,0.24303,0.51412,44.66857,0.02449,0.02159,0.04462
608671,2025,travis jankowski,9.6435,11.27499,35,50,3,0,1,1,0,12,11,13.0,45,NYM,RF,0.24444,0.28889,0.28571,0.5746,0.2143,0.25056,0.25803,0.50859,44.34223,0.03014,0.03833,0.06602
676356,2025,jonny deluca,11.97693,15.72945,44,59,2,0,0,0,0,13,19,26.0,57,TB,CF,0.33333,0.45614,0.35593,0.81207,0.21012,0.27596,0.2369,0.51285,43.92548,0.12321,0.18019,0.29922
642350,2025,josé siri,4.3177,9.04633,15,36,4,0,0,0,0,17,2,4.0,32,NYM,CF,0.0625,0.125,0.16667,0.29167,0.13493,0.2827,0.23105,0.51375,43.7385,-0.07243,-0.1577,-0.22208
702176,2025,alan roden,25.22486,33.99007,102,153,8,6,3,0,0,37,26,40.0,136,MIN,LF,0.19118,0.29412,0.26144,0.55556,0.18548,0.24993,0.25637,0.5063,43.65825,0.0057,0.04419,0.04926
682997,2025,tyler callihan,1.41107,1.6497,5,6,0,0,0,0,0,1,1,1.0,6,CIN,LF,0.16667,0.16667,0.16667,0.33333,0.23518,0.27495,0.23518,0.51013,43.12876,-0.06851,-0.10828,-0.17679
663796,2025,coco montes,2.34156,2.7547,7,10,0,0,0,0,0,3,2,2.0,10,TB,2B,0.2,0.2,0.2,0.4,0.23416,0.27547,0.23416,0.50963,42.93258,-0.03416,-0.07547,-0.10963
691728,2025,zac veen,5.88354,9.09218,20,37,2,1,0,0,0,14,4,8.0,34,COL,LF,0.11765,0.23529,0.18919,0.42448,0.17305,0.26742,0.2401,0.50751,42.82271,-0.0554,-0.03212,-0.08303
621512,2025,tomás nido,7.33397,9.6851,26,37,0,1,0,1,0,10,12,12.0,35,DET,C,0.34286,0.34286,0.36111,0.70397,0.20954,0.27672,0.2315,0.50822,42.39689,0.13332,0.06614,0.19575
674441,2025,jacob hurtubise,1.75796,2.00102,6,15,1,2,0,0,0,6,1,1.0,12,CIN,LF,0.08333,0.08333,0.26667,0.35,0.1465,0.16675,0.3172,0.48395,42.35681,-0.06316,-0.08342,-0.13395
518792,2025,jason heyward,15.96437,23.81363,68,96,6,0,3,0,1,20,15,23.0,86,SD,LF,0.17442,0.26744,0.22105,0.48849,0.18563,0.2769,0.2312,0.50811,42.34902,-0.01121,-0.00946,-0.01961
686823,2025,will brennan,1.77135,2.21194,10,13,1,1,0,0,0,1,1,1.0,11,CLE,RF,0.09091,0.09091,0.23077,0.32168,0.16103,0.20109,0.2901,0.49119,42.26216,-0.07012,-0.11018,-0.16951
676044,2025,bob seymour,15.04021,20.91314,46,84,4,1,0,0,0,32,16,22.0,79,TB,1B,0.20253,0.27848,0.25,0.52848,0.19038,0.26472,0.23857,0.5033,41.66943,0.01215,0.01376,0.02518
506702,2025,sandy león,2.17061,4.05075,8,12,0,0,0,0,0,4,1,4.0,12,ATL,,0.08333,0.33333,0.08333,0.41667,0.18088,0.33756,0.18088,0.51845,41.40158,-0.09755,-0.00423,-0.10178
680118,2025,dairon blanco,1.43545,1.56974,6,8,0,0,0,2,0,2,1,2.0,6,KC,CF,0.16667,0.33333,0.16667,0.5,0.23924,0.26162,0.23924,0.50086,41.11182,-0.07257,0.07171,-0.00086
596117,2025,garrett stubbs,0.24844,0.24933,1,1,0,0,0,0,0,0,0,0.0,1,PHI,C,0.0,0.0,0.0,0.0,0.24844,0.24933,0.24844,0.49777,40.98634,-0.24844,-0.24933,-0.49777
644433,2025,chadwick tromp,3.88462,5.91193,14,22,1,0,0,0,0,6,3,7.0,21,BAL,C,0.14286,0.33333,0.18182,0.51515,0.18498,0.28152,0.22203,0.50355,40.57585,-0.04212,0.05181,0.0116
670276,2025,cal stevenson,1.73201,2.30075,6,8,0,0,0,0,0,2,2,2.0,8,PHI,CF,0.25,0.25,0.25,0.5,0.2165,0.28759,0.2165,0.5041,40.32569,0.0335,-0.03759,-0.0041
681807,2025,david fry,23.98538,39.94622,88,157,9,2,0,0,0,58,25,53.0,146,CLE,1B,0.17123,0.36301,0.2293,0.59231,0.16428,0.2736,0.22284,0.49644,38.86715,0.00695,0.08941,0.09587
669326,2025,bryce teodosio,25.7167,35.792,94,150,5,4,2,1,0,47,28,42.0,138,LAA,CF,0.2029,0.30435,0.24832,0.55267,0.18635,0.25936,0.233,0.49236,38.56351,0.01655,0.04499,0.06031
669004,2025,mj melendez,9.86943,16.33317,37,66,3,2,0,0,0,23,5,10.0,61,KC,LF,0.08197,0.16393,0.15152,0.31545,0.16179,0.26776,0.22529,0.49305,38.19696,-0.07983,-0.10382,-0.1776
680911,2025,owen miller,2.14413,2.35065,9,17,2,1,0,0,0,4,2,2.0,14,COL,2B,0.14286,0.14286,0.29412,0.43697,0.15315,0.1679,0.3026,0.4705,37.9963,-0.01029,-0.02505,-0.03352
681146,2025,jonah bride,19.85988,26.66517,74,127,11,1,1,0,0,39,19,21.0,114,MIN,3B,0.16667,0.18421,0.24409,0.42831,0.17421,0.23391,0.25087,0.48477,37.92662,-0.00754,-0.04969,-0.05647
669374,2025,keston hiura,2.74257,3.65624,11,21,0,3,0,0,0,7,4,5.0,18,COL,1B,0.22222,0.27778,0.33333,0.61111,0.15236,0.20312,0.27346,0.47658,37.47067,0.06986,0.07465,0.13453
677941,2025,jordyn adams,1.19243,1.78443,3,6,0,0,0,0,0,2,0,0.0,6,BAL,CF,0.0,0.0,0.0,0.0,0.19874,0.2974,0.19874,0.49614,37.10932,-0.19874,-0.2974,-0.49614
641313,2025,tim anderson,15.74782,19.66376,55,90,3,3,0,1,0,29,17,20.0,83,LAA,SS,0.20482,0.24096,0.25843,0.49939,0.18973,0.23691,0.24436,0.48127,36.60273,0.01509,0.00405,0.01812
607732,2025,jacob stallings,21.99834,28.76559,80,130,6,3,0,1,0,40,16,20.0,120,BAL,C,0.13333,0.16667,0.1938,0.36047,0.18332,0.23971,0.2403,0.48001,36.00615,-0.04999,-0.07305,-0.11955
668845,2025,aaron schunk,6.63316,9.01109,23,33,0,0,0,1,0,10,6,7.0,32,COL,SS,0.1875,0.21875,0.1875,0.40625,0.20729,0.2816,0.20729,0.48888,35.9035,-0.01979,-0.06285,-0.08263
691373,2025,jhostynxon garcia,0.80286,1.02486,2,9,2,0,0,0,0,5,1,2.0,7,BOS,CF,0.14286,0.28571,0.33333,0.61905,0.11469,0.14641,0.31143,0.45784,35.46829,0.02816,0.13931,0.16121
622761,2025,jorge mateo,13.98369,20.76106,49,83,4,0,0,0,0,30,14,21.0,79,BAL,SS,0.17722,0.26582,0.21687,0.48269,0.17701,0.2628,0.21667,0.47947,34.22114,0.00021,0.00302,0.00322
656248,2025,sean bouchard,10.92056,14.82509,39,73,7,0,0,0,0,27,11,16.0,66,COL,RF,0.16667,0.24242,0.24658,0.489,0.16546,0.22462,0.24549,0.47011,33.90972,0.0012,0.0178,0.01889
571466,2025,tucker barnhart,2.00214,2.51908,9,15,1,1,0,0,0,4,3,3.0,13,TEX,C,0.23077,0.23077,0.33333,0.5641,0.15401,0.19378,0.26681,0.46058,33.03354,0.07676,0.03699,0.10352
669256,2025,nick solak,2.48487,2.68918,9,11,0,0,0,0,0,2,1,1.0,11,PIT,1B,0.09091,0.09091,0.09091,0.18182,0.2259,0.24447,0.2259,0.47037,32.60533,-0.13499,-0.15356,-0.28855
605131,2025,austin barnes,8.15989,10.89122,29,44,1,0,0,1,0,14,9,12.0,42,LAD,C,0.21429,0.28571,0.23256,0.51827,0.19428,0.25931,0.21302,0.47234,32.19435,0.02,0.0264,0.04594
666915,2025,bobby dalbec,2.37521,3.63582,11,21,3,0,0,0,0,6,4,5.0,18,CWS,1B,0.22222,0.27778,0.33333,0.61111,0.13196,0.20199,0.25596,0.45795,31.62204,0.09027,0.07579,0.15316
622534,2025,manuel margot,4.01902,5.13589,14,20,0,0,1,0,0,6,6,6.0,19,DET,RF,0.31579,0.31579,0.3,0.61579,0.21153,0.27031,0.20095,0.47126,31.08439,0.10426,0.04548,0.14453
641658,2025,garrett hampson,11.80729,15.02248,51,91,11,0,0,3,0,29,11,13.0,77,STL,2B,0.14286,0.16883,0.25,0.41883,0.15334,0.1951,0.25917,0.45427,30.93206,-0.01048,-0.02627,-0.03544
682515,2025,logan porter,0.82795,0.85227,5,9,1,1,0,0,0,2,1,1.0,7,SF,C,0.14286,0.14286,0.33333,0.47619,0.11828,0.12175,0.31422,0.43597,30.23188,0.02458,0.0211,0.04022
678489,2025,jorge barrosa,13.06194,18.16052,52,77,2,1,3,0,0,22,10,16.0,71,AZ,LF,0.14085,0.22535,0.16883,0.39418,0.18397,0.25578,0.2086,0.46438,29.90907,-0.04313,-0.03043,-0.0702
493329,2025,yuli gurriel,5.906,7.32931,27,40,4,0,0,0,0,8,4,5.0,36,SD,1B,0.11111,0.13889,0.2,0.33889,0.16406,0.20359,0.24765,0.45124,29.37472,-0.05294,-0.0647,-0.11235
694376,2025,shay whitcomb,5.7769,9.25872,22,32,0,0,0,0,0,10,4,7.0,32,HOU,LF,0.125,0.21875,0.125,0.34375,0.18053,0.28933,0.18053,0.46986,29.31027,-0.05553,-0.07058,-0.12611
682868,2025,bryan ramos,2.04945,3.58194,8,12,0,0,0,0,0,4,2,4.0,12,CWS,3B,0.16667,0.33333,0.16667,0.5,0.17079,0.2985,0.17079,0.46928,28.48578,-0.00412,0.03484,0.03072
683357,2025,owen caissie,4.25001,6.93954,15,27,1,0,0,0,0,11,5,9.0,26,CHC,RF,0.19231,0.34615,0.22222,0.56838,0.16346,0.26691,0.19444,0.46135,28.16817,0.02885,0.07925,0.10703
669304,2025,josé miranda,7.23952,9.13093,23,36,0,0,0,0,0,13,6,9.0,36,MIN,3B,0.16667,0.25,0.16667,0.41667,0.2011,0.25364,0.2011,0.45473,26.9899,-0.03443,-0.00364,-0.03807
595751,2025,jorge alfaro,7.39105,10.45114,25,39,0,0,0,0,0,14,10,12.0,39,WSH,C,0.25641,0.30769,0.25641,0.5641,0.18951,0.26798,0.18951,0.45749,26.86552,0.0669,0.03971,0.10661
666198,2025,carter kieboom,1.62873,1.93021,7,8,0,0,0,0,0,1,2,2.0,8,LAA,3B,0.25,0.25,0.25,0.5,0.20359,0.24128,0.20359,0.44487,24.71377,0.04641,0.00872,0.05513
694203,2025,denzer guzman,6.14648,11.92817,20,43,1,0,0,0,0,22,8,15.0,42,LAA,SS,0.19048,0.35714,0.2093,0.56645,0.14634,0.284,0.1662,0.4502,23.42577,0.04413,0.07314,0.11624
668974,2025,maverick handley,6.64803,9.03563,26,47,2,1,1,2,0,18,3,3.0,41,BAL,C,0.07317,0.07317,0.13333,0.2065,0.16215,0.22038,0.2144,0.43478,22.96375,-0.08898,-0.14721,-0.22828
691907,2025,tsung-che cheng,1.31351,1.73155,4,7,0,0,0,0,0,3,0,0.0,7,PIT,SS,0.0,0.0,0.0,0.0,0.18764,0.24736,0.18764,0.43501,21.15049,-0.18764,-0.24736,-0.43501
669134,2025,luis campusano,2.03824,2.19125,10,27,6,0,0,0,0,11,0,0.0,21,SD,C,0.0,0.0,0.22222,0.22222,0.09706,0.10435,0.29771,0.40206,20.65654,-0.09706,-0.10435,-0.17984
683770,2025,will robertson,11.15299,15.49089,44,75,2,2,1,0,0,27,9,10.0,70,CWS,LF,0.12857,0.14286,0.17333,0.31619,0.15933,0.2213,0.20204,0.42334,19.25799,-0.03076,-0.07844,-0.10715
676480,2025,josé barrero,4.1959,6.48995,20,31,1,1,0,0,0,9,4,8.0,29,STL,SS,0.13793,0.27586,0.19355,0.46941,0.14469,0.22379,0.19987,0.42366,19.18589,-0.00676,0.05207,0.04575
680577,2025,dashawn keirsey,13.8809,18.86674,52,88,2,1,0,1,0,33,9,15.0,84,MIN,CF,0.10714,0.17857,0.13793,0.3165,0.16525,0.2246,0.19403,0.41864,17.53104,-0.05811,-0.04603,-0.10213
664068,2025,scott kingery,4.20621,5.30969,16,29,2,0,0,0,0,11,4,5.0,27,LAA,2B,0.14815,0.18519,0.2069,0.39208,0.15579,0.19666,0.21401,0.41066,16.94572,-0.00764,-0.01147,-0.01858
677060,2025,chad stevens,2.58111,2.78192,7,14,0,0,0,1,0,7,2,2.0,13,LAA,SS,0.15385,0.15385,0.15385,0.30769,0.19855,0.21399,0.19855,0.41254,16.33219,-0.0447,-0.06015,-0.10485
694359,2025,niko kavadas,2.36558,3.33848,10,23,3,0,0,0,0,10,2,2.0,20,LAA,OF,0.1,0.1,0.21739,0.31739,0.11828,0.16692,0.23329,0.40021,15.69667,-0.01828,-0.06692,-0.08282
641645,2025,luis guillorme,3.32434,3.91582,11,21,1,0,0,0,0,8,3,3.0,20,HOU,3B,0.15,0.15,0.19048,0.34048,0.16622,0.19579,0.20592,0.40171,14.15786,-0.01622,-0.04579,-0.06124
695257,2025,billy cook,1.14309,1.27832,5,6,0,0,0,0,0,1,2,2.0,6,PIT,OF,0.33333,0.33333,0.33333,0.66667,0.19051,0.21305,0.19051,0.40357,13.54246,0.14282,0.12028,0.2631
605113,2025,nick ahmed,1.27262,1.47958,6,10,1,0,0,0,0,3,0,0.0,9,TEX,SS,0.0,0.0,0.1,0.1,0.1414,0.1644,0.22726,0.39166,13.15198,-0.1414,-0.1644,-0.29166
687478,2025,cam devanney,4.64497,7.96695,15,38,2,0,0,0,0,21,5,6.0,36,PIT,SS,0.13889,0.16667,0.18421,0.35088,0.12903,0.2213,0.17487,0.39617,10.61234,0.00986,-0.05464,-0.04529
663536,2025,tristin english,3.34338,4.39397,14,23,1,0,0,0,0,8,2,3.0,22,AZ,OF,0.09091,0.13636,0.13043,0.2668,0.15197,0.19973,0.18884,0.38857,9.70031,-0.06106,-0.06336,-0.12177
679822,2025,justin foscue,1.33403,2.17997,6,9,0,0,0,0,0,3,1,2.0,9,TEX,1B,0.11111,0.22222,0.11111,0.33333,0.14823,0.24222,0.14823,0.39044,7.32877,-0.03711,-0.02,-0.05711
672279,2025,michael siani,2.12783,2.49918,9,19,2,0,0,0,0,7,4,4.0,17,STL,CF,0.23529,0.23529,0.31579,0.55108,0.12517,0.14701,0.21725,0.36426,5.64903,0.11013,0.08828,0.18682
676812,2025,carson mccusker,3.58098,6.46701,13,30,1,0,0,0,0,16,5,5.0,29,MIN,LF,0.17241,0.17241,0.2,0.37241,0.12348,0.223,0.1527,0.3757,3.97911,0.04893,-0.05059,-0.00329
672642,2025,steward berroa,0.4734,0.51948,3,6,1,0,0,0,0,2,0,0.0,5,MIL,RF,0.0,0.0,0.16667,0.16667,0.09468,0.1039,0.24557,0.34946,3.95037,-0.09468,-0.1039,-0.1828
682183,2025,drew avans,2.97029,3.45429,11,18,0,0,1,0,0,6,2,2.0,17,MIL,LF,0.11765,0.11765,0.11111,0.22876,0.17472,0.20319,0.16502,0.36821,2.97926,-0.05708,-0.08555,-0.13945
656185,2025,greg allen,2.28434,2.75519,9,14,0,0,0,0,0,5,0,0.0,14,BAL,CF,0.0,0.0,0.0,0.0,0.16317,0.1968,0.16317,0.35997,0.8027,-0.16317,-0.1968,-0.35997
605204,2025,j. d. davis,1.43168,1.78312,6,9,0,0,0,0,0,3,1,1.0,9,LAA,3B,0.11111,0.11111,0.11111,0.22222,0.15908,0.19812,0.15908,0.3572,-0.17027,-0.04796,-0.08701,-0.13498
667690,2025,c. j. stubbs,0.48545,0.51848,3,3,0,0,0,0,0,0,0,0.0,3,WSH,C,0.0,0.0,0.0,0.0,0.16182,0.17283,0.16182,0.33464,-5.58107,-0.16182,-0.17283,-0.33464
680716,2025,jonathan ornelas,0.81506,0.83045,6,10,1,0,0,0,0,3,2,2.0,9,ATL,SS,0.22222,0.22222,0.3,0.52222,0.09056,0.09227,0.18151,0.27378,-19.32217,0.13166,0.12995,0.24844
677943,2025,will banfield,1.33054,1.49148,4,10,0,0,0,0,0,6,1,1.0,10,CIN,C,0.1,0.1,0.1,0.2,0.13305,0.14915,0.13305,0.2822,-20.61511,-0.03305,-0.04915,-0.0822
642727,2025,sergio alcántara,0.51246,0.61662,2,4,0,0,0,0,0,2,0,0.0,4,SF,SS,0.0,0.0,0.0,0.0,0.12811,0.15415,0.12811,0.28227,-20.94351,-0.12811,-0.15415,-0.28227
680769,2025,cj alexander,1.94664,2.23454,9,17,0,0,0,0,0,8,3,3.0,17,ATH,1B,0.17647,0.17647,0.17647,0.35294,0.11451,0.13144,0.11451,0.24595,-30.91404,0.06196,0.04503,0.10699
641302,2025,tyler alexander,0.11544,0.11545,1,1,0,0,0,0,0,0,0,0.0,1,CWS,P,0.0,0.0,0.0,0.0,0.11544,0.11545,0.11544,0.23089,-34.58937,-0.11544,-0.11545,-0.23089
605244,2025,aramis garcia,0.35604,0.51423,1,4,0,0,0,0,0,3,0,0.0,4,AZ,C,0.0,0.0,0.0,0.0,0.08901,0.12856,0.08901,0.21757,-39.74513,-0.08901,-0.12856,-0.21757
671976,2025,tristan peters,1.07006,1.43961,5,12,0,0,0,0,0,7,0,0.0,12,TB,LF,0.0,0.0,0.0,0.0,0.08917,0.11997,0.08917,0.20914,-41.82703,-0.08917,-0.11997,-0.20914
702358,2025,trey lipscomb,0.34355,0.34535,3,4,0,0,0,0,0,1,2,2.0,4,WSH,3B,0.5,0.5,0.5,1.0,0.08589,0.08634,0.08589,0.17222,-51.22525,0.41411,0.41366,0.82778
624513,2025,dom nuñez,0.35025,0.3517,3,7,0,0,0,0,0,4,2,2.0,7,CLE,C,0.28571,0.28571,0.28571,0.57143,0.05004,0.05024,0.05004,0.10028,-71.59875,0.23568,0.23547,0.47115
681909,2025,justin dean,0.07975,0.07975,1,2,0,0,0,0,0,1,0,0.0,2,LAD,CF,0.0,0.0,0.0,0.0,0.03987,0.03988,0.03987,0.07975,-77.40689,-0.03987,-0.03988,-0.07975
